video,stage,shoulder_width,feet_width,knee_width,ratio_feet_shoulder,ratio_knee_feet
squat_right_1.mp4,down,0.0790015737904511,0.10488392190997,0.0991713103584102,1.3276181331294856,0.945533963189674
squat_right_1.mp4,down,0.079099959342129,0.104516168346416,0.1020529521218157,1.3213175988416748,0.9764321993087611
squat_right_1.mp4,down,0.0792280904749935,0.1035850778146269,0.1048743168826184,1.307428680832856,1.0124461852536202
squat_right_1.mp4,down,0.0790849128315851,0.1032779192474257,0.1098365177023353,1.3059117794990898,1.063504362817351
squat_right_1.mp4,down,0.0794378748699725,0.1023613907473462,0.1103283547535424,1.288571615427728,1.0778317288191275
squat_right_1.mp4,down,0.0796312326596818,0.1035236299806501,0.1116956921704689,1.3000380192917105,1.0789391001005884
squat_right_1.mp4,down,0.0797688521238133,0.104385103029567,0.1118398139189287,1.3085947741550243,1.0714154670829816
squat_right_1.mp4,down,0.0796564871171218,0.104847752514761,0.111958681137745,1.316248761517685,1.0678214692487842
squat_right_1.mp4,down,0.0798600467600683,0.1044974607096528,0.1126189704187262,1.3085073819654174,1.0777196848030508
squat_right_1.mp4,down,0.0800234991432441,0.1027456875095857,0.1126143788005,1.2839439490851094,1.0960496886060898
squat_right_1.mp4,down,0.0803593827503504,0.1022318528217905,0.1124660746831323,1.2721831517719655,1.1001079563644611
squat_right_1.mp4,down,0.0802880432824136,0.1025030778785597,0.112343065646557,1.2766916926596978,1.095996998057514
squat_right_1.mp4,down,0.0803315134338432,0.1013422447816373,0.1110319350601826,1.261550298876137,1.0956135351000338
squat_right_1.mp4,down,0.0802866788362202,0.1006337511621456,0.1105256892981635,1.2534302404939697,1.0982964266141642
squat_right_1.mp4,down,0.080215501969128,0.1006894249842388,0.1106397491748826,1.2552364881166045,1.098821938770644
squat_right_1.mp4,down,0.0802346034671323,0.1009460924734128,0.1114015830954085,1.2581366157653517,1.1035749910255266
squat_right_1.mp4,down,0.0801764790060046,0.1022547999435713,0.1126211328191873,1.2753715455116608,1.1013774696281895
squat_right_1.mp4,down,0.0802139872429602,0.1052339488889484,0.11256778447155,1.311915197161378,1.069690776218432
squat_right_1.mp4,down,0.0800886800084938,0.1057361229599993,0.1120466649982213,1.3202380529780922,1.059681988156586
squat_right_1.mp4,down,0.0797130867128098,0.1058713277106613,0.1101684479734603,1.3281549125314187,1.040588139921535
squat_right_1.mp4,down,0.0798853581317195,0.1064335464372918,0.1073678771855637,1.3323285884479374,1.0087785362749553
squat_right_1.mp4,down,0.0801169087230239,0.1062294744064053,0.1069141250278105,1.3259307691670486,1.0064450156157783
squat_right_1.mp4,down,0.0799432806023424,0.1063409845624427,0.1063635160618179,1.3302054126526155,1.0002118797326158
squat_right_1.mp4,down,0.0795509611859966,0.1074840428461099,0.1049717964081203,1.35113443311896,0.9766267962065167
squat_right_1.mp4,down,0.079144363560667,0.1080894452309522,0.1034233950596106,1.3657251175959961,0.9568315836817206
squat_right_1.mp4,down,0.0784337182106376,0.1084565979456547,0.0991748174862046,1.3827802687409154,0.914419402459028
squat_right_1.mp4,down,0.0796388947236851,0.1072973275993995,0.1011413199842159,1.3472980504272194,0.9426266454821
squat_right_1.mp4,down,0.0802604490226716,0.1073760698969346,0.0996856415759293,1.3378453672319166,0.928378563972522
squat_right_1.mp4,down,0.0804782289442913,0.1062349505751607,0.0995479301329395,1.3200458306394733,0.9370544212990416
squat_right_1.mp4,down,0.0805710410208861,0.1048519742973286,0.1007945360326477,1.3013605505003747,0.961303177247047
squat_right_1.mp4,middle,0.0815785904298025,0.1013684408296681,0.1029414839442248,1.242586324372625,1.0155180754649262
squat_right_1.mp4,up,0.07971407155581,0.1030926637894242,0.0980109251920536,1.293280618808264,0.9507070783644654
squat_right_1.mp4,up,0.0767660770590235,0.1026109348448535,0.0938898390398873,1.3366702946922575,0.9150081244445109
squat_right_1.mp4,up,0.076658893984446,0.0984935526246918,0.0829414508996287,1.2848287720492813,0.8421003069680698
squat_right_1.mp4,up,0.0788853444921438,0.0994641936429043,0.0725266833086746,1.260870371844671,0.7291737926218899
squat_right_1.mp4,up,0.0789462475775883,0.1009622993950332,0.0655256791834208,1.2788739489588477,0.6490113594485379
squat_right_1.mp4,up,0.0799818223564084,0.1020285470743932,0.0630724064486192,1.2756466915662663,0.6181839128085448
squat_right_1.mp4,up,0.0808056563900982,0.1028052182396491,0.0646794119742185,1.272252746062053,0.6291452231874497
squat_right_1.mp4,up,0.0819492470980266,0.1027026331222634,0.0645054252641435,1.2532468175017137,0.6280795662497997
squat_right_1.mp4,up,0.0822573878469612,0.1023699688946787,0.065351977697348,1.2445078986113283,0.6383901294781489
squat_right_1.mp4,up,0.0817582933272453,0.1024791013236176,0.0663975339726994,1.2534398304210597,0.6479129219041782
squat_right_1.mp4,up,0.0801992258674408,0.1026427917883245,0.0665944462070935,1.2798476628437796,0.6487980796978725
squat_right_1.mp4,up,0.0791124408320848,0.1030616614435227,0.0671564426291703,1.302723823959241,0.651614205404322
squat_right_1.mp4,up,0.0785209003810155,0.1036522350151125,0.069618803395848,1.3200591754825721,0.6716575227316379
squat_right_1.mp4,up,0.078666841556672,0.1034577394915611,0.073013031072768,1.3151378324631173,0.7057280724630908
squat_right_1.mp4,up,0.078661405400816,0.1036410812400863,0.0768877295591234,1.317559490731031,0.741865374609627
squat_right_1.mp4,up,0.0768945594695953,0.1041540781393249,0.0795320137154738,1.3545051673065145,0.7635996125767189
squat_right_1.mp4,up,0.0758854426170002,0.1045173782548196,0.0804530853710271,1.3773047194615051,0.7697579743617151
squat_right_1.mp4,up,0.0753713078858315,0.1045281540378738,0.0815968973110843,1.3868427783714137,0.7806212408718057
squat_right_1.mp4,up,0.0753669125679364,0.104818796701247,0.0836376602439617,1.3907800270677455,0.7979261628269263
squat_right_1.mp4,up,0.0757418710715944,0.1047017056750745,0.0861096307433758,1.3823490784391377,0.8224281561429733
squat_right_1.mp4,up,0.0764015310727485,0.1045897830373818,0.0880758399511789,1.368948783733049,0.8421074926572838
squat_right_1.mp4,up,0.0766587067424636,0.1043120330757141,0.0889701679890921,1.3607330140091247,0.8529233432207556
squat_right_1.mp4,up,0.0764641473766611,0.1039870815336536,0.0900433529214163,1.3599456098217508,0.8659090301738619
squat_right_1.mp4,up,0.0772295046046245,0.1039686652116633,0.0906722629637859,1.3462298605167755,0.8721114460707168
squat_right_1.mp4,up,0.0788856469479857,0.1026297180766068,0.0918702322449891,1.3009935526582812,0.8951620833296413
squat_right_1.mp4,up,0.0788688531349852,0.1025757194489604,0.0926445291830171,1.3005859141047804,0.9031818609774913
squat_right_1.mp4,up,0.0785779253878729,0.1021995807102088,0.0929426320264911,1.300614392728438,0.9094228310978479
squat_right_1.mp4,up,0.0779446374263911,0.1028618591722241,0.0933203045749582,1.3196784611303654,0.9072391392295346
squat_right_1.mp4,up,0.0780222127205853,0.1035236300662046,0.0943666466783805,1.326848168699669,0.9115469252578556
squat_right_1.mp4,up,0.0780631150783683,0.1029389416840172,0.0956088738992657,1.3186630021191932,0.9287920813558393
squat_right_1.mp4,up,0.078291913663934,0.1028396771545941,0.0959244971303563,1.3135414928804876,0.9327576649833067
squat_right_1.mp4,up,0.0787204161535514,0.102709606352548,0.0962287408301559,1.3047391181495216,0.9369010771967453
squat_right_1.mp4,up,0.0793491770734392,0.1030165800795393,0.0968786059705371,1.298269041709096,0.9404176094346846
squat_right_1.mp4,up,0.0793841874870531,0.103428843156045,0.0970336727634482,1.302889736988407,0.9381684045044544
squat_right_1.mp4,up,0.0794826143573763,0.1039115269797244,0.0962087085654192,1.3073491331388372,0.9258713769473506
squat_right_1.mp4,up,0.0795619137791641,0.1041280307025339,0.095908301959073,1.3087672952608542,0.9210613252934507
squat_right_1.mp4,up,0.0794078286717291,0.1042136149629609,0.0954106833662734,1.3123846440100835,0.9155299276412568
squat_right_1.mp4,middle,0.0794908324351823,0.1046120895969762,0.0955641461191389,1.3160270988768175,0.9135095808458181
squat_right_1.mp4,middle,0.0793128927697616,0.1047186152026668,0.0957604113052634,1.3203227312191954,0.9144545229129876
squat_right_1.mp4,middle,0.0791195396578446,0.1050438587682849,0.0958324595627138,1.327660135821707,0.9123090172659173
squat_right_1.mp4,middle,0.0791160115445079,0.1033408422708346,0.0958328113759606,1.306193781175365,0.9273469159928364
squat_right_1.mp4,middle,0.0791749703295703,0.1027758236224846,0.0959196281744402,1.2980847759673848,0.9332898029284735
squat_right_1.mp4,middle,0.0794084080764645,0.1024744935929553,0.0959489651156498,1.2904740955678125,0.936320461331325
squat_right_1.mp4,middle,0.0795876951758889,0.1021558768494348,0.0961099824182842,1.2835637044604722,0.9408169689536167
squat_right_1.mp4,middle,0.0796867586918941,0.1021962819291972,0.0958879550354877,1.2824750762461723,0.9382724422589074
squat_right_1.mp4,middle,0.0795737418631659,0.1031556928970026,0.0952217298110426,1.296353426163972,0.9230874917016767
squat_right_1.mp4,middle,0.0796345083620694,0.1028587554519566,0.0953571109815763,1.291635467683117,0.9270684888474645
squat_right_1.mp4,middle,0.0794210712660868,0.1023613096567716,0.0950295529506193,1.2888432254184463,0.9283737504850565
squat_right_1.mp4,middle,0.0793282501387221,0.1021023544523271,0.0952437277209983,1.2870869365425266,0.9328259689199314
squat_right_1.mp4,middle,0.0796759789782138,0.1024965964066763,0.095753694017545,1.2864177851482999,0.9342134019516369
squat_right_1.mp4,down,0.0799254289130394,0.103105096014119,0.0958435813611861,1.2900161740301648,0.929571719210285
squat_right_1.mp4,down,0.0802835482896501,0.1029226077007968,0.0964812419055682,1.281988774704733,0.9374154431264111
squat_right_1.mp4,down,0.0802660168970276,0.1017682678014639,0.0966629024960595,1.2678873542712517,0.9498334263155163
squat_right_1.mp4,down,0.0803969091537537,0.1017622711286306,0.0967779100381551,1.2657485492883447,0.9510195572956984
squat_right_1.mp4,down,0.0805120391193864,0.102084130578379,0.0968261538590235,1.2679362204080395,0.9484936915310408
squat_right_1.mp4,down,0.0805522777732567,0.1039121723437036,0.0958217535945358,1.289996697997811,0.9221417610017079
squat_right_1.mp4,down,0.0802628115402183,0.1050532076875685,0.0949301574051487,1.308865284826562,0.9036388273595027
squat_right_1.mp4,down,0.0797862920555272,0.1044689188279835,0.0953418643347067,1.3093592412500938,0.9126337804997751
squat_right_1.mp4,down,0.0797059870204698,0.1033574392332315,0.0964043183292811,1.2967336971398098,0.9327274267287108
squat_right_1.mp4,down,0.0795432876892379,0.103716242856193,0.0980017769978149,1.3038968575374297,0.944902884051619
squat_right_1.mp4,down,0.0796759215816709,0.1039364274611518,0.0995520449997269,1.3044898056762724,0.9578166907548978
squat_right_1.mp4,down,0.0795309396411461,0.1040605980210388,0.1001656707255836,1.3084291282181966,0.9625705851251429
squat_right_1.mp4,down,0.0789886845710695,0.1017137012220541,0.1002511460553078,1.2876996467834319,0.9856208637659015
squat_right_1.mp4,down,0.078603059725738,0.1007982337421286,0.1012988118443546,1.2823703567499034,1.004966139620131
squat_right_1.mp4,down,0.0789276015991829,0.1015909980404766,0.104472272744396,1.287141582692262,1.028361515877336
squat_right_1.mp4,down,0.0790056825607352,0.1027421015858647,0.1046660693768555,1.300439389367749,1.0187261868435005
squat_right_1.mp4,down,0.0789186809937085,0.1032152598741873,0.1060422669745715,1.3078685372657934,1.0273894296621464
squat_right_1.mp4,down,0.0789251318340683,0.1042602441280092,0.1064939851058455,1.3210018368699756,1.0214246666744204
squat_right_1.mp4,down,0.0788513990890349,0.1052255259989164,0.1062741393614083,1.3344788705664081,1.009965389600454
squat_right_1.mp4,down,0.0787522968048729,0.1064119172068655,0.1070019257731662,1.3512230312536246,1.0055445722790024
squat_right_1.mp4,down,0.0794216068765077,0.1059248466840022,0.1059628662370444,1.3337031426310004,1.0003589295074047
squat_right_1.mp4,down,0.0797430591261413,0.1053144209221533,0.104954683928497,1.3206719440692893,0.9965841620691033
squat_right_1.mp4,down,0.0799036650223064,0.1048762565149283,0.10455390634703,1.3125337427970343,0.9969263761063744
squat_right_1.mp4,down,0.0799587523998704,0.1037075238215517,0.1041342514647442,1.2970127810763565,1.0041147221288087
squat_right_1.mp4,down,0.0805607671292749,0.1021938337254981,0.1028076016208136,1.26853104019614,1.0060059190749622
squat_right_1.mp4,down,0.0805368503177449,0.100835894737028,0.1022352017347793,1.2520466635980492,1.0138770722608312
squat_right_1.mp4,down,0.0804262506922106,0.0990170740327384,0.1019735422048757,1.2311536740867663,1.0298581653822632
squat_right_1.mp4,down,0.0809288596201046,0.098032917099717,0.1016630375226785,1.211346824357863,1.0370296073029126
squat_right_1.mp4,down,0.0810283656517478,0.0983075199393605,0.1015649864903155,1.213248214358375,1.0331354768482037
squat_right_1.mp4,down,0.0811785745283693,0.1023455251783453,0.1014630561946035,1.26074553258605,0.9913775518548169
squat_right_1.mp4,down,0.0811958783299919,0.104682982327141,0.1008670523977325,1.2892647321541877,0.9635477529911836
squat_right_1.mp4,down,0.081122997740189,0.1049202768966201,0.1005846623707386,1.2933481234587285,0.9586770579136626
squat_right_1.mp4,down,0.0808662463627656,0.1050493226348578,0.0976685910198492,1.299050312829002,0.9297403216899991
squat_right_1.mp4,down,0.0805463260566047,0.105051900003839,0.0949873378329249,1.304241982806426,0.9041943822953578
squat_right_1.mp4,down,0.0803336869136529,0.1065273658929995,0.0877851467938827,1.3260609588042562,0.8240619305471022
squat_right_1.mp4,down,0.079435387579141,0.1066963454242807,0.0840588632435321,1.3431840477643517,0.7878326376528635
squat_right_1.mp4,down,0.0788027357064882,0.1064433301272136,0.090894129428337,1.350756787475966,0.8539203848630694
squat_right_1.mp4,down,0.0791705666145761,0.1061641520440633,0.0935085963775878,1.3409548091388475,0.8807925705352704
squat_right_1.mp4,down,0.0792890979307023,0.1079476288784998,0.0963766047161823,1.361443523709208,0.8928089085185813
squat_right_1.mp4,down,0.0788977188501102,0.1052612828375383,0.1016087770836024,1.334148621426097,0.9653005772352857
squat_right_1.mp4,middle,0.0815624912145121,0.1019807786052935,0.101325378635387,1.2503391827142776,0.9935732990189929
squat_right_1.mp4,middle,0.081925530522828,0.1026809204908541,0.0969238626289777,1.2533445903318594,0.943932545263955
squat_right_1.mp4,up,0.0803660485522575,0.1028789000356728,0.0897942447925351,1.2801288838877833,0.8728149772343926
squat_right_1.mp4,up,0.0777093482509317,0.1014086298711914,0.0867548363107126,1.304973367473527,0.8554975688056139
squat_right_1.mp4,up,0.0779088076915963,0.1020568101695237,0.0775503094255041,1.3099521503848164,0.7598739299874988
squat_right_1.mp4,up,0.0767186355551237,0.1035003577405082,0.0720173378808837,1.3490901785673879,0.6958172846266153
squat_right_1.mp4,up,0.0764873620386628,0.1040606737960904,0.0674443591995902,1.3604950023441762,0.6481253362989863
squat_right_1.mp4,up,0.0768785247682212,0.1035606426342805,0.0668210551935387,1.347068546730084,0.6452360036960575
squat_right_1.mp4,up,0.0775584979911745,0.1027225888672589,0.0664446086618119,1.3244530454799146,0.6468354175504041
squat_right_1.mp4,up,0.0779683732073085,0.1024730212395298,0.0660948508286102,1.3142895897938822,0.6449975811107791
squat_right_1.mp4,up,0.0781125723629618,0.1022578436396168,0.0663314473849054,1.309108643413513,0.6486685522009895
squat_right_1.mp4,up,0.0779488417667383,0.1022185646912802,0.0668360308700556,1.3113545034725336,0.6538541317999653
squat_right_1.mp4,up,0.0780535037280197,0.1028148700193365,0.068766629949333,1.317235807601907,0.6688393413948779
squat_right_1.mp4,up,0.07845939301513,0.1029525565805511,0.0706461871244014,1.3121763070573063,0.6862013870352712
squat_right_1.mp4,up,0.0791972762482361,0.1028184312094742,0.0727842161249806,1.2982571633802142,0.7078907474934698
squat_right_1.mp4,up,0.07985149340807,0.1025164788812734,0.0761158074627687,1.2838392183522118,0.7424738763308493
squat_right_1.mp4,up,0.0799056164535287,0.1025658679602379,0.076834226404354,1.2835877190170717,0.7491208131163148
squat_right_1.mp4,up,0.0801211508364905,0.1025757923466617,0.077385659604724,1.2802585993303583,0.754424195361748
squat_right_1.mp4,up,0.0801320833695685,0.1027439674241925,0.0781036340111798,1.282182655233587,0.7601773220292173
squat_right_1.mp4,up,0.0801897390032492,0.1024025813715031,0.0805377162145821,1.2770035498850278,0.7864813087318752
squat_right_1.mp4,up,0.0805490064732596,0.1031079324966204,0.082815715947153,1.2800646092493995,0.803194419109
squat_right_1.mp4,up,0.0806283433974565,0.103492677315587,0.0844437275621749,1.2835768782377313,0.8159391538850146
squat_right_1.mp4,up,0.0807325563626687,0.1056507583216484,0.0863115282495976,1.308651219305401,0.8169513368453686
squat_right_1.mp4,up,0.0805152715340772,0.1064567324990327,0.0887764043997489,1.3221930507180375,0.8339200566817655
squat_right_1.mp4,up,0.080195444311289,0.1074058318537482,0.0912548744382711,1.3393009138628693,0.8496268113497836
squat_right_1.mp4,up,0.0802862903854053,0.1070227045880301,0.0934690680189363,1.333013445686426,0.8733573719589058
squat_right_1.mp4,up,0.0799712340127759,0.1069243674081636,0.0941262866480581,1.3370353568769713,0.8803071641167514
squat_right_1.mp4,up,0.0797712332837937,0.1060433467584017,0.0948771535453011,1.329343202970706,0.8947016144394188
squat_right_1.mp4,up,0.0796328863856756,0.1049447153738488,0.0965507341110961,1.3178564803689734,0.9200152076943515
squat_right_1.mp4,up,0.0792006810387073,0.1038964986707795,0.0966085696404147,1.311813197919381,0.929853949617125
squat_right_1.mp4,up,0.0787404205336469,0.1037465285818864,0.0964452210220817,1.317576511260237,0.9296235964749237
squat_right_1.mp4,up,0.0782239203054531,0.1040331024178784,0.0973784601202224,1.3299397679334426,0.9360334149132096
squat_right_1.mp4,up,0.0777949042040599,0.1044360362110376,0.0977156209412426,1.3424534329021947,0.9356504180586209
squat_right_1.mp4,up,0.0774751343921007,0.1045262612608136,0.0976534182264525,1.3491588247115194,0.9342476909490525
squat_right_1.mp4,up,0.0776888558581998,0.1015332800939674,0.0978029046279597,1.3069220671660966,0.9632595789030424
squat_right_1.mp4,up,0.0776002630725788,0.1010619046524428,0.0977415043322089,1.3023397170434916,0.9671448867735778
squat_right_2.mp4,down,0.074169954249339,0.14982111377497,0.113627797758137,2.0199704218680328,0.7584231280566032
squat_right_2.mp4,up,0.0746037998255611,0.1527706932576785,0.1072738617653554,2.047760216167106,0.7021887475788072
squat_right_2.mp4,up,0.0738479420440903,0.1537856678720855,0.105108453153087,2.0824638251973093,0.6834736592002396
squat_right_2.mp4,up,0.0739451101683299,0.1531927671191116,0.1021070301700689,2.071709228242151,0.6665264430577057
squat_right_2.mp4,up,0.0742910233770355,0.1499811996234051,0.0897113107274141,2.01883340416827,0.5981503745314379
squat_right_2.mp4,up,0.0756640679901521,0.1483693340149227,0.0839195055875861,1.9608955473321021,0.5656122010977392
squat_right_2.mp4,up,0.076388733010301,0.1471040245127832,0.0813616516108229,1.9257293414324108,0.5530892297494733
squat_right_2.mp4,up,0.079010334853125,0.1470308192336584,0.0818444439500471,1.8609061650856056,0.5566482209419071
squat_right_2.mp4,up,0.0790944209112763,0.1470480910262371,0.0818203643562202,1.859146186697383,0.5564190856555995
squat_right_2.mp4,up,0.0780248902935721,0.1470471355832483,0.0821854310640577,1.8846182933417395,0.5589053519341067
squat_right_2.mp4,up,0.0775802167666483,0.1471598827292174,0.0823505993510721,1.8968738276648045,0.5595995173671204
squat_right_2.mp4,up,0.0773132590853496,0.1476870914851253,0.0821503560594476,1.9102427349762456,0.5562460146878957
squat_right_2.mp4,up,0.0772195250773221,0.1480353749306847,0.081903386366407,1.917071812892564,0.5532690169816303
squat_right_2.mp4,up,0.0770473313217323,0.1481735791635695,0.0816753814603561,1.9231500510359014,0.5512142037832148
squat_right_2.mp4,up,0.0770664943110101,0.1482530285073906,0.0815678126989865,1.9237027690542092,0.5501932305883399
squat_right_2.mp4,up,0.0769512589682942,0.1485082115419229,0.0831986220383656,1.9298996992773296,0.5602291023138419
squat_right_2.mp4,up,0.0761227846321039,0.1491417408761037,0.0856122697029864,1.9592260267000916,0.5740329246532461
squat_right_2.mp4,up,0.0757052256863188,0.1498950098057692,0.0885642711259966,1.9799823386941933,0.5908420249663836
squat_right_2.mp4,up,0.0758043481502304,0.1499695449953324,0.0909804464444044,1.9783765529929773,0.6066594817450172
squat_right_2.mp4,up,0.0759340692278843,0.1492384133663956,0.0936185841163763,1.9653683107449307,0.6273088945708173
squat_right_2.mp4,up,0.0760650529036977,0.1491759341079849,0.0966319585834887,1.9611625630083946,0.647771768022174
squat_right_2.mp4,middle,0.0771468716931732,0.1490791329038393,0.1018604696432141,1.9324067150351019,0.6832644358678776
squat_right_2.mp4,middle,0.0783525477961356,0.1504045003852163,0.1046272157383297,1.9195865943830146,0.6956388636667006
squat_right_2.mp4,down,0.0762130997066252,0.1507681055168493,0.1066268265858011,1.9782439777048335,0.7072240260648819
squat_right_2.mp4,down,0.0749554980611884,0.1506759241226002,0.1070598159956891,2.010205095289994,0.710530342648358
squat_right_2.mp4,down,0.0747050212919814,0.1495456924967131,0.1084482300221904,2.001815807162682,0.7251845787839994
squat_right_2.mp4,down,0.0753734953563934,0.1506868355832195,0.1094819730511593,1.999201906064156,0.7265530039662683
squat_right_2.mp4,down,0.0757638733551872,0.1512877227018546,0.1092645993498103,1.9968319464424087,0.722230445395361
squat_right_2.mp4,down,0.0756629918505789,0.1526292184610565,0.1086606200810845,2.0172242033790098,0.7119254175360228
squat_right_2.mp4,middle,0.0752621177638265,0.1528432548232008,0.1056576796651802,2.0308125703135924,0.6912812723557751
squat_right_2.mp4,up,0.074708076537883,0.1531117424444733,0.1037227038779733,2.049467066212491,0.6774314120002184
squat_right_2.mp4,up,0.0744661215606806,0.153529638363515,0.0999017203972565,2.0617380782804364,0.6506999004369263
squat_right_2.mp4,up,0.0746686837884141,0.1543181418903319,0.09762008330351,2.0667049968045177,0.6325898051110862
squat_right_2.mp4,up,0.0739846715619268,0.153580762895399,0.0931609307396061,2.0758457076726833,0.6065924467575167
squat_right_2.mp4,up,0.0747027407124871,0.152630692541459,0.0874856070281946,2.043173932920318,0.5731848920519766
squat_right_2.mp4,up,0.0755878050184606,0.1514254450164829,0.0846947637847581,2.003305228660902,0.5593165915777163
squat_right_2.mp4,up,0.0765585588084605,0.1496919599823166,0.082289908129006,1.955260944198627,0.5497283096482073
squat_right_2.mp4,up,0.0769841055326798,0.148331751783176,0.0806421583066017,1.92678411675783,0.5436607964050771
squat_right_2.mp4,up,0.0779404037599756,0.1483115969016056,0.0803335342751386,1.9028846368097394,0.5416537610908086
squat_right_2.mp4,up,0.0787778412447831,0.14827623368666,0.0803606598897241,1.8822073738467577,0.5419658828099431
squat_right_2.mp4,up,0.0787307472087192,0.1483084447704911,0.0809058997685617,1.8837423754828326,0.5455245646582327
squat_right_2.mp4,up,0.0787551837702973,0.1482646473400661,0.0810484043120837,1.8826017570158278,0.5466468626616541
squat_right_2.mp4,up,0.0786066305737711,0.148206522392706,0.0809588840561448,1.8854201141927398,0.5462572277462007
squat_right_2.mp4,up,0.078526871088868,0.148180009216417,0.0811060868905683,1.8869974973117587,0.5473483725602474
squat_right_2.mp4,up,0.0785358653309486,0.1482192719368221,0.0811314463734735,1.8872813244271136,0.5473744764314823
squat_right_2.mp4,up,0.0785471301892504,0.1483455898481953,0.0810382955141457,1.8886188392978003,0.5462804495709892
squat_right_2.mp4,up,0.0782712740122464,0.1484153205948585,0.0809847880807558,1.8961658982532634,0.5456632627693918
squat_right_2.mp4,up,0.0777682456179621,0.1481743294481091,0.0810182669783412,1.9053320319969431,0.5467766736660951
squat_right_2.mp4,up,0.0775465919083059,0.1475519634770976,0.0824404538362169,1.9027523949933063,0.5587214964375108
squat_right_2.mp4,up,0.0768996471725678,0.1489326716326409,0.0881994306886529,1.9367146288516295,0.5922100887722384
squat_right_2.mp4,up,0.0772427093692884,0.1501303103310462,0.0934181304560588,1.9436178709538874,0.622246968317499
squat_right_2.mp4,up,0.076926604114393,0.1502442069693244,0.0971322469697572,1.9530851348371638,0.6464957879513374
squat_right_2.mp4,up,0.0763900330247229,0.1510547011749884,0.1003017388611001,1.9774137435717694,0.6640093825673532
squat_right_2.mp4,middle,0.0775135683808976,0.1504615549012423,0.1020939888170678,1.941099578358748,0.67853870634315
squat_right_2.mp4,middle,0.0780717136400829,0.1503951910019588,0.1072548770313434,1.926372356770509,0.7131536342139189
squat_right_2.mp4,down,0.0775569453174391,0.150895465019358,0.1091215146724826,1.9456086673056259,0.7231596698978573
squat_right_2.mp4,down,0.0768644112407975,0.1508615873286147,0.1096209376756616,1.9626974941107929,0.7266325352714171
squat_right_2.mp4,down,0.075729334208371,0.1509390894903724,0.1117559958192234,1.993139000470545,0.7404045976198347
squat_right_2.mp4,down,0.0755824709893815,0.151116393808194,0.1139103408051809,1.9993576794998429,0.7537920799629638
squat_right_2.mp4,down,0.0764273585919723,0.1513052343649946,0.114718178229037,1.979726071298338,0.7581904136396339
squat_right_2.mp4,down,0.0762723122628837,0.1513217377670412,0.1130254438412374,1.9839668324920932,0.7469213974745605
squat_right_2.mp4,middle,0.0761855840897026,0.1526134197541687,0.1112335593650733,2.0031797560871656,0.7288583110466268
squat_right_2.mp4,middle,0.0760740186475236,0.1527331050660965,0.1097865693458537,2.0076907698771653,0.7188131826321652
squat_right_2.mp4,up,0.0760200673348315,0.1526351162606551,0.1088293340506589,2.0078266385686225,0.7130032506072257
squat_right_2.mp4,up,0.0759589739498724,0.1544187400272789,0.1079292764759237,2.0329229319130144,0.6989389788885559
squat_right_2.mp4,up,0.0753727966223529,0.1556287077577187,0.1035483809482525,2.064786165988761,0.6653552705035348
squat_right_2.mp4,up,0.0750288398748264,0.1550730722885571,0.0970879306704639,2.0668461960397053,0.626078591451419
squat_right_2.mp4,up,0.0760208373395392,0.1515907522204259,0.0888564915201289,1.9940684360442058,0.5861603707258076
squat_right_2.mp4,up,0.0780961290287581,0.150408007698483,0.0852855346973517,1.925934224513187,0.5670278863630734
squat_right_2.mp4,up,0.0787122338948319,0.1490508338321568,0.08240940408412,1.893617122229118,0.5528946196766641
squat_right_2.mp4,up,0.0781525077649208,0.1480194863377548,0.081386799163493,1.8939825550191005,0.5498384109899047
squat_right_2.mp4,up,0.0780754273635904,0.147893607747489,0.081345045232807,1.894240130877049,0.5500240779283316
squat_right_2.mp4,up,0.0775713795908169,0.1476269532578598,0.0810384241119196,1.9031110963422422,0.5489405716473055
squat_right_2.mp4,up,0.0777619481831201,0.1474608586023977,0.0808588069972754,1.896311268528728,0.5483408123595495
squat_right_2.mp4,up,0.0779412149316264,0.1469827771504768,0.0808202265597553,1.8858158328609174,0.5498618826409427
squat_right_2.mp4,up,0.0778699224021659,0.1465132279967458,0.0807477845123189,1.8815124437913993,0.5511296530447912
squat_right_2.mp4,up,0.0778467033082298,0.1464785264408173,0.0806720809672559,1.8816278688237253,0.5507433951409278
squat_right_2.mp4,up,0.0778701685605927,0.146487009751521,0.0806314324170678,1.8811698042946428,0.5504340115470927
squat_right_2.mp4,up,0.0778719375215311,0.1464744222566169,0.0806041946549982,1.8809654275793206,0.5502953581464423
squat_right_2.mp4,up,0.077604901543372,0.1465009437255865,0.0805767073784552,1.8877795192319098,0.5500081114111104
squat_right_2.mp4,up,0.077546981955278,0.1465087656265288,0.0807249573628856,1.889290362209346,0.5509906319780533
squat_right_2.mp4,up,0.0772055737743537,0.1467963540991335,0.0811684249426151,1.9013699001599362,0.5529321585725556
squat_right_2.mp4,up,0.0767178212044124,0.147216677134179,0.0821021269703948,1.9189371494522043,0.5576958301780154
squat_right_2.mp4,up,0.0765860449627077,0.1485373155549399,0.0849730675702968,1.9394827821082508,0.5720654587894958
squat_right_2.mp4,up,0.0770671627879294,0.1501608363695674,0.0900747124529456,1.9484412159141566,0.5998548931311144
squat_right_2.mp4,up,0.0768390917062185,0.1502731742461756,0.0939798444832764,1.9556864990117284,0.6253933541679223
squat_right_2.mp4,up,0.0763952332420645,0.1507306102606563,0.0982537016414552,1.9730368488182255,0.6518496904613235
squat_right_2.mp4,up,0.0763661499649258,0.1521703786591994,0.1009169895722181,1.9926417493757342,0.6631841917028521
squat_right_2.mp4,middle,0.0777968348372388,0.1520560574601019,0.1029421977037918,1.9545275560146262,0.6770016231073391
squat_right_2.mp4,middle,0.0783907148020666,0.1521780552059281,0.1071935555391885,1.94127653498468,0.7043956199475256
squat_right_2.mp4,down,0.0770169328246168,0.1519985377001412,0.1078794304365251,1.9735729809738431,0.7097399229546988
squat_right_2.mp4,down,0.0763396423501843,0.1518250106663084,0.1081499998420866,1.9888095620078823,0.7123332273612429
squat_right_2.mp4,down,0.076201143182873,0.1507860740886135,0.1099892540001171,1.9787901833276467,0.7294390723076917
squat_right_2.mp4,down,0.076530508196816,0.15144496797055,0.1113984752429099,1.9788836052293552,0.7355706613148907
squat_right_2.mp4,down,0.0771364639526112,0.1517095405010742,0.1121316863942289,1.9667681499410836,0.7391208622995923
squat_right_2.mp4,down,0.0768744048610561,0.1518062279503705,0.1118339532100941,1.9747304479917243,0.7366888349709578
squat_right_2.mp4,down,0.0767989536400328,0.1526229272004347,0.1123225812282376,1.9873047739139682,0.7359482830566343
squat_right_2.mp4,middle,0.0768907946703864,0.1538048817728777,0.1121412272221709,2.0003029287472547,0.7291135751319574
squat_right_2.mp4,up,0.0765558742706766,0.1537861839592522,0.1116417484696597,2.0088097147909827,0.7259543451526227
squat_right_2.mp4,up,0.0760731097419814,0.1550574352965399,0.1082419034413039,2.038268657906205,0.6980761885703608
squat_right_2.mp4,up,0.0751752749589543,0.1559189717098931,0.1050737790725701,2.0740725164626914,0.6738998976216513
squat_right_2.mp4,up,0.0751246266709331,0.1548702560278657,0.1000397610818646,2.0615111567374673,0.6459585181021753
squat_right_2.mp4,up,0.07522829976134,0.1530031144468559,0.0938161045519588,2.0338504915338333,0.6131646724390364
squat_right_2.mp4,up,0.0757104013859766,0.1511730683114649,0.0859207740583112,1.9967278675591043,0.5683603238196298
squat_right_2.mp4,up,0.0764306493409282,0.1485548796194847,0.0837265384459219,1.943655861889091,0.5636067873393518
squat_right_2.mp4,up,0.0769535392040883,0.1473324017364533,0.0814165812024243,1.9145630371296292,0.552604724031184
squat_right_2.mp4,up,0.0768775751041132,0.1472115828607888,0.0802210110471308,1.914883275928308,0.5449368146730146
squat_right_2.mp4,up,0.0768369811317461,0.1470485340718584,0.0802226103768079,1.9137729242606014,0.5455519219090306
squat_right_2.mp4,up,0.0769747530206617,0.146817799370902,0.0802732039611367,1.9073500545236295,0.5467538970417652
squat_right_2.mp4,up,0.0769938753543342,0.1466759328118489,0.0802619245511607,1.9050337723205941,0.54720582315381
squat_right_2.mp4,up,0.0770054357774463,0.1466503979913838,0.0802545959042992,1.9044161819331646,0.5472511292401295
squat_right_2.mp4,up,0.0770451452269465,0.1466801153478701,0.0803224882508156,1.903820349949432,0.5476031162119068
squat_right_2.mp4,up,0.0770825126448528,0.1467213041551916,0.0805347273128308,1.9034317787640118,0.5488959342103908
squat_right_2.mp4,up,0.0771434827229219,0.1468216402698741,0.0807352093205346,1.903228050997087,0.549886305398404
squat_right_2.mp4,up,0.0772198429426304,0.14699505862436,0.0811315644540395,1.9035917844791304,0.5519339575989964
squat_right_2.mp4,up,0.0773211513909332,0.1469611653056112,0.0818606892170701,1.9006592977719692,0.5570225919673252
squat_right_2.mp4,up,0.0767749556512945,0.1469481811240371,0.0848363052382871,1.9140119310711632,0.5773212338482628
squat_right_2.mp4,up,0.0763269612792718,0.1475085260979944,0.0870829741577763,1.9325874320907028,0.5903589199984578
squat_right_2.mp4,up,0.07619251005812,0.1499744124647614,0.0941591575094554,1.968361619145507,0.6278348150327272
squat_right_2.mp4,up,0.0762827817345806,0.1507002819273773,0.09828944620721,1.9755478038507566,0.6522180645592676
squat_right_2.mp4,up,0.0752724264194931,0.1509140182843927,0.1017128639939209,2.0049043914613454,0.6739788997086158
squat_right_2.mp4,up,0.0754575303566733,0.1513401766429223,0.1051443658670624,2.00563384366764,0.6947551416907882
squat_right_2.mp4,middle,0.076059635013395,0.1514991557611353,0.1071274412647673,1.9918469991928638,0.7071157639562843
squat_right_2.mp4,middle,0.0754630348344094,0.1516587787890847,0.1080019501825241,2.009709510383113,0.7121378072859526
squat_right_2.mp4,down,0.0749154810013143,0.1521201730989384,0.1068560939679678,2.0305572501933167,0.7024452562150911
squat_right_2.mp4,down,0.0751661734074081,0.151420363824912,0.1058099655312608,2.0144748223938267,0.6987829302378993
squat_right_2.mp4,down,0.0755299734531938,0.1511910229235334,0.1055272576188066,2.001735417227798,0.6979730382019985
squat_right_2.mp4,down,0.0759435987711569,0.1501949958454919,0.1067815889132425,1.9777176519916961,0.7109530401604759
squat_right_2.mp4,down,0.0760915472256227,0.1504273029819394,0.1074125386729837,1.976925275758951,0.7140494879834405
squat_right_2.mp4,down,0.0762179863497628,0.1519136222312813,0.1068418189646107,1.9931466246582892,0.7033063750000582
squat_right_2.mp4,down,0.0759550161720457,0.151937782892946,0.1058419952969373,2.0003653550516236,0.6966140566333828
squat_right_2.mp4,middle,0.076017565918992,0.1529285201920007,0.1070150104778546,2.0117523935845134,0.699771437946944
squat_right_2.mp4,up,0.0765442733820058,0.1528041047370807,0.1065671901848735,1.996283954182812,0.6974105202751993
squat_right_2.mp4,up,0.0757024623731778,0.1535024653609827,0.1041482330483074,2.0277076933678484,0.6784792205349155
squat_right_2.mp4,up,0.07565146353474,0.1559263803818244,0.1030610584859763,2.061115186624529,0.6609597313399166
squat_right_2.mp4,up,0.075613144214669,0.1551772292852967,0.1021514464523011,2.05225203761851,0.6582888927891183
squat_right_2.mp4,up,0.0754714327223287,0.1548037926864619,0.0960296166146199,2.0511574658455136,0.6203311620996091
squat_right_2.mp4,up,0.0758673678562013,0.1526358219912732,0.0887895802310442,2.0118771258886765,0.5817086649300494
squat_right_2.mp4,up,0.0766501051921084,0.149804834403752,0.0840985368690183,1.9543982885384916,0.561387335754179
squat_right_2.mp4,up,0.077222445878807,0.1486100747565032,0.0824556973044228,1.9244414375288246,0.55484594459377
squat_right_2.mp4,up,0.077364620808418,0.1480266623795163,0.0812971136970214,1.9133637679952233,0.5492058821713403
squat_right_2.mp4,up,0.077545419264626,0.1471417767577438,0.0805045607385031,1.8974915366131193,0.5471223911550755
squat_right_2.mp4,up,0.0773195340198237,0.1470035096234264,0.0808114777358942,1.9012467093469119,0.5497248191074217
squat_right_2.mp4,up,0.0772600096216562,0.1470456903057476,0.0808226012630286,1.9032574682016383,0.5496427749427858
squat_right_2.mp4,up,0.0772166195508411,0.147025209742047,0.0806078388770058,1.9040617239821334,0.5482586218950529
squat_right_2.mp4,up,0.0771342547044718,0.1468740843591979,0.0804195038111331,1.9041356518180372,0.5475404606741766
squat_right_2.mp4,up,0.0770466616570991,0.146766025362224,0.0803057307276466,1.9048979177763108,0.5471683962923236
squat_right_2.mp4,up,0.0770042882386006,0.1466857556185378,0.0804541592992297,1.9049037264525663,0.5484797004315399
squat_right_2.mp4,up,0.0771104158875858,0.1469799017191213,0.0805911380614692,1.9060966022202968,0.5483140015665471
squat_right_2.mp4,up,0.077200195195116,0.1477217235030388,0.0809769460043311,1.9134889896286722,0.5481722260210788
squat_right_2.mp4,up,0.0773439952133175,0.1485647223776185,0.0822196126301258,1.9208307247107121,0.5534262193223894
squat_right_2.mp4,up,0.077047886831552,0.1497526744452923,0.0866520285711335,1.9436311702187639,0.5786342640764606
squat_right_2.mp4,up,0.076231888143722,0.1500299112687694,0.0948519685710814,1.968072875040351,0.6322203870477527
squat_right_2.mp4,up,0.0760358546779427,0.1512886960979667,0.1002239954704418,1.9897020522589608,0.6624684993354821
squat_right_2.mp4,up,0.0758791437813121,0.1527175896809644,0.1035270020568696,2.012642500567811,0.6778983499749001
squat_right_2.mp4,up,0.0762898252456501,0.1527722111152049,0.1060626972336681,2.0025240669156688,0.69425385977877
squat_right_2.mp4,middle,0.0774310749046396,0.1527792256827868,0.1091510407926914,1.97309963565587,0.7144364052434725
squat_right_2.mp4,middle,0.0779914542539305,0.1527257564562013,0.1101382968622963,1.9582370647807792,0.7211507699677479
squat_right_2.mp4,down,0.0775504344210539,0.1531198023138393,0.1102648211142827,1.9744544754254698,0.7201212347980985
squat_right_2.mp4,down,0.0766892096978663,0.1526934719595211,0.1097372780614362,1.9910685292114758,0.7186769457343104
squat_right_2.mp4,down,0.0765181950377002,0.1513783173271579,0.1098568841728057,1.9783310002617602,0.7257108290838223
squat_right_2.mp4,down,0.0763984172995637,0.1517651233166616,0.1106251968685208,1.986495645866322,0.7289237108693192
squat_right_2.mp4,down,0.077122254164795,0.1521656114324136,0.1112559123291133,1.9730441372637502,0.7311501677797227
squat_right_2.mp4,down,0.0772608203770947,0.1524283021015546,0.1108955628418657,1.972905560121966,0.7275260651265543
squat_right_2.mp4,down,0.0772368923401205,0.1525080200684175,0.1105393628643607,1.9745488904037325,0.7248101628673103
squat_right_2.mp4,middle,0.0763324604913341,0.1530003311459996,0.1111607603842324,2.0043940698514424,0.7265393450564361
squat_right_2.mp4,middle,0.0762227591530931,0.1541149104257315,0.1092327927630775,2.0219014916029523,0.7087749813520942
squat_right_2.mp4,up,0.075916390639924,0.1548575608575803,0.1081363906154569,2.0398435641135655,0.6982958404911724
squat_right_2.mp4,up,0.0756457693646281,0.1564158816722884,0.1060720297639627,2.067741302469036,0.678141046995454
squat_right_2.mp4,up,0.0753767280367452,0.1564293068589045,0.1014416639445471,2.075299776645216,0.6484824741699141
squat_right_2.mp4,up,0.0758612284925529,0.1542043846298379,0.0940891050825246,2.0327166814201503,0.610158429076982
squat_right_2.mp4,up,0.0765278422641747,0.1525297779269299,0.0870131896499489,1.9931279050099955,0.5704669005132426
squat_right_2.mp4,up,0.0772620206652542,0.1515139719338259,0.0843319418483223,1.961040762708965,0.5565951494239387
squat_right_2.mp4,up,0.07756441013215,0.149804540819405,0.0829692976059819,1.9313566694335227,0.5538503516125356
squat_right_2.mp4,up,0.0778616194706098,0.1496156733611944,0.0825642277104468,1.9215587137597288,0.5518421022049242
squat_right_2.mp4,up,0.0780221576590498,0.1494980761717284,0.082620258588766,1.9160976914407095,0.5526509819020021
squat_right_2.mp4,up,0.0780549000610462,0.1494261250120456,0.0824507703813026,1.9143721264799578,0.5517828316477861
squat_right_2.mp4,up,0.0779026627919324,0.1491318737984609,0.0823224335855039,1.9143360246461947,0.5520109919409696
squat_right_2.mp4,up,0.07792869053647,0.1489585511855287,0.0822587392518046,1.9114725290529204,0.552225693638433
squat_right_2.mp4,up,0.0780208596270263,0.1486658063600255,0.082150845657674,1.9054622965026635,0.5525873613380098
squat_right_2.mp4,up,0.078020358156297,0.1485487414682345,0.0821360081868822,1.9039741034083573,0.5529229488924756
squat_right_2.mp4,up,0.0779562928226445,0.1485349893415916,0.0822443690371603,1.9053624019746307,0.5537036721228005
squat_right_2.mp4,up,0.0779173494638204,0.1485034327981386,0.0825572942744356,1.905909708428848,0.5559285244715932
squat_right_2.mp4,up,0.0775991674405787,0.1482792955130548,0.0832045333970689,1.9108361649188979,0.5611338596476095
squat_right_2.mp4,up,0.0769823089972617,0.1478894896836839,0.0848590136750986,1.9210840985419702,0.5738001656277321
squat_right_2.mp4,up,0.0764164974049897,0.1507428050163292,0.0911873554403146,1.9726474012205417,0.6049201182798525
squat_right_2.mp4,up,0.0752724735617482,0.1524945839030111,0.0977691590650396,2.0259010590095112,0.6411320098241803
squat_right_2.mp4,up,0.074793848066926,0.1524758011305381,0.1006640175573896,2.0386142051964193,0.6601966791517874
squat_right_2.mp4,up,0.074752447585155,0.1529885067323553,0.1030411956606718,2.0466019732407683,0.6735224616639766
squat_right_2.mp4,up,0.0753833562507099,0.1528542412024119,0.1062858773226386,2.027692169794741,0.6953413689182051
squat_right_2.mp4,middle,0.0769864453424011,0.1531514938497611,0.1084618997354557,1.9893306304585452,0.7082000769894866
squat_right_2.mp4,down,0.0762929536265597,0.1537291363944186,0.1099194912419709,2.0149847277757145,0.7150205473083092
squat_right_2.mp4,down,0.0759024062057407,0.1526450888783718,0.1082293623170962,2.0110704852309,0.7090261672508428
squat_right_2.mp4,down,0.0760006506137173,0.1521384568089758,0.1069966385910759,2.0018046632552964,0.7032846318759515
squat_right_2.mp4,down,0.0758418909951706,0.1515086309097197,0.1046506969873103,1.9976905760349166,0.6907243261254806
squat_right_2.mp4,down,0.0768008670996041,0.1512186951032138,0.1046573013672306,1.968971195430596,0.6920923454325347
squat_right_2.mp4,down,0.0775968716770433,0.1513852018540661,0.1050573900081339,1.9509188783296372,0.6939739731589368
squat_right_2.mp4,down,0.0777955508150048,0.1521709986486391,0.1058038284780703,1.9560372933215242,0.6952956175464814
squat_right_2.mp4,down,0.0776552905341885,0.1521904744910035,0.1061571796446787,1.9598210687783102,0.6975284097097286
squat_right_2.mp4,middle,0.0775022983118159,0.1548843838043319,0.1064082198388557,1.9984489128462195,0.6870170976906429
squat_right_2.mp4,up,0.0765639555135194,0.1552412119223731,0.1055262101524394,2.027601772676977,0.6797564180651127
squat_right_2.mp4,up,0.075648234357448,0.1568259053410954,0.1038626144512163,2.0730940605972648,0.6622797058006186
squat_right_2.mp4,up,0.0758001103405554,0.1561951091426993,0.1013357722713016,2.0606184930463103,0.6487768588113831
squat_right_2.mp4,up,0.0754817105969793,0.1540705709011919,0.093720520675895,2.041164272545747,0.6082960563312223
squat_right_2.mp4,up,0.0757271523562019,0.1524506650384593,0.088702255489172,2.0131572401054894,0.5818423649827618
squat_right_2.mp4,up,0.0764726077197295,0.151272671323171,0.0831647641445231,1.978128846836009,0.5497672740032089
squat_right_2.mp4,up,0.0774335135415419,0.1503974936413658,0.0814123292980914,1.9422790825664886,0.5413144017693889
squat_right_2.mp4,up,0.0779147587819973,0.1498203023592546,0.0803911114511036,1.9228744938869209,0.536583561674662
squat_right_2.mp4,up,0.0777677302858402,0.1495475802608668,0.0805163527890029,1.9230030208056121,0.5383995692110318
squat_right_2.mp4,up,0.0775861766654582,0.1491154760641898,0.0803967377970124,1.9219335514773064,0.5391575704885521
squat_right_2.mp4,up,0.0775306374025464,0.1489425180148968,0.080456012689797,1.9210794984384454,0.5401816335732288
squat_right_2.mp4,up,0.0774486904487529,0.1484097849916741,0.0804483797745919,1.9162336268277578,0.5420692428002987
squat_right_2.mp4,up,0.0774836718027371,0.147826330702778,0.0802342089024257,1.9078384808495363,0.5427599299866672
squat_right_2.mp4,up,0.0775203680036271,0.1475429075823434,0.0802419956515988,1.9032792462419683,0.5438553229460786
squat_right_2.mp4,up,0.0774631576854966,0.1473325057515606,0.0802800628649959,1.9019687571959853,0.5448903652013367
squat_right_2.mp4,up,0.0771949497866975,0.1472616383261323,0.0803624756246431,1.9076589690522594,0.5457122203589011
squat_right_2.mp4,up,0.0769870871510491,0.1472154368593329,0.0804939420359194,1.9122094666407545,0.5467765049179787
squat_right_2.mp4,up,0.0769442068095956,0.1473679035513324,0.0805243440384953,1.9152566471444132,0.546417110496835
squat_right_2.mp4,up,0.076690308945425,0.1476443844651941,0.0803004895744597,1.9252026298428662,0.5438777090326105
squat_right_2.mp4,up,0.0765880676458563,0.1479688464919596,0.0825672059052983,1.9320091371957375,0.5580039843710268
squat_right_2.mp4,up,0.0758904824459274,0.1496990872071574,0.0857280245192811,1.9725673415479898,0.5726689862887974
squat_right_2.mp4,up,0.0746012238949156,0.1499922344114138,0.0891906564761182,2.010586778344215,0.5946351611209223
squat_right_2.mp4,up,0.074091423165588,0.1501160768289451,0.0931223655425053,2.0260925005239603,0.6203357262568004
squat_right_2.mp4,up,0.0741240578396041,0.1507946043896179,0.0984637669762611,2.034354415889103,0.6529661149005956
squat_right_2.mp4,up,0.0752564821026614,0.1505959153222531,0.1009626831557451,2.0011022454759066,0.6704211262284226
squat_right_2.mp4,middle,0.0757905932497827,0.1518509276336397,0.1055948381025737,2.0035590318337437,0.6953848734947152
squat_right_2.mp4,down,0.0748430154066274,0.1525728431201464,0.1100812295856161,2.0385715659799026,0.721499497121716
squat_right_2.mp4,down,0.0747651425006525,0.1532702900704135,0.1094435134060311,2.0500233791312024,0.7140556291486885
squat_right_2.mp4,down,0.0749001471027984,0.1531031716111905,0.1091737695694295,2.0440970750172305,0.713073206913565
squat_right_2.mp4,down,0.075485698945173,0.1536799730925037,0.1103037179865562,2.035881964928549,0.7177494618648957
squat_right_2.mp4,down,0.0761852342548897,0.1532943361462036,0.1121965302086734,2.0121265970428506,0.731902645781163
squat_right_2.mp4,down,0.0769408221147338,0.1524649182005584,0.1117329508341793,1.9815868093169504,0.7328436741572336
squat_right_2.mp4,down,0.0770625446353263,0.1518410850421184,0.108503031653408,1.9703616816789205,0.7145828260072753
squat_right_2.mp4,down,0.0759771912387769,0.153474293363333,0.108200493935318,2.020004831199965,0.7050072788357175
squat_right_2.mp4,down,0.0756432314237997,0.1545721697905614,0.1104257059812976,2.043436892913174,0.7143957811481824
squat_right_2.mp4,middle,0.0756715514337206,0.1557122642052777,0.1116978985851553,2.0577384929350018,0.7173352667834973
squat_right_2.mp4,up,0.0753078421382702,0.1553889720408937,0.1097875839116893,2.0633836746455865,0.7065339481285487
squat_right_2.mp4,up,0.0746740908413105,0.15530239000077,0.1066338874750938,2.079735933187352,0.6866210331635275
squat_right_2.mp4,up,0.0744520786353862,0.1556499760606382,0.1024004926301582,2.090606184723224,0.657889549499609
squat_right_2.mp4,up,0.0746439698761648,0.1556139064662504,0.0994239386759151,2.0847485299136106,0.6389142264575063
squat_right_2.mp4,up,0.0750579842883437,0.1554724485543395,0.093521748265349,2.0713645593928365,0.6015326132376567
squat_right_2.mp4,up,0.0756996940038614,0.1534602544754497,0.0879339082565656,2.0272242377574443,0.5730077052011738
squat_right_2.mp4,up,0.0761568097916213,0.1517254259443184,0.0839393823472795,1.9922765457149056,0.5532321417115965
squat_right_2.mp4,up,0.0768996787174324,0.1497165164279499,0.0806944325580863,1.9469069172328106,0.5389814997259836
squat_right_2.mp4,up,0.0768713473654087,0.149907352721101,0.0808618229806314,1.9501070016181055,0.5394119868894813
squat_right_2.mp4,up,0.0770760699787548,0.1499191424801043,0.0805351283193888,1.9450802631922972,0.5371904280340757
squat_right_2.mp4,up,0.0772936875928911,0.150128159371511,0.0804243831290098,1.9423081502106865,0.53570485021394
squat_right_2.mp4,up,0.0773937392965456,0.1501315355814011,0.0805051962758973,1.9398408313901185,0.536231085388769
squat_right_2.mp4,up,0.0775198363201583,0.1501500495688364,0.0805868729755376,1.9369242338014496,0.5367089335431254
squat_right_2.mp4,up,0.0777533965276083,0.1501562509169979,0.0805077156390595,1.9311857439395737,0.5361596013978922
squat_right_2.mp4,up,0.0776908300167831,0.1501708728177147,0.0805432232750565,1.9329291859190352,0.5363438446070969
squat_right_2.mp4,up,0.077786227457219,0.1501103798527598,0.0813950343258202,1.929780949144471,0.5422345503732582
squat_right_2.mp4,up,0.0773832068467679,0.1501210536142852,0.0841540961144693,1.939969403329986,0.5605749099702654
squat_right_2.mp4,up,0.0764174300741615,0.1505601082311104,0.0901201193410427,1.9702325514610344,0.5985657183688254
squat_right_2.mp4,up,0.0762279946638492,0.1512297208124757,0.0936728386825296,1.98391314738594,0.6194076017549722
squat_right_2.mp4,up,0.0757604389305947,0.1514139034271817,0.0983673068681399,1.9985879908364086,0.649658351324698
squat_right_2.mp4,up,0.0753532051714841,0.1521770120255684,0.1008507897871263,2.019516113206512,0.6627202653327271
squat_right_2.mp4,up,0.0748945706095823,0.1524485766471765,0.1042979556270833,2.0355090550138177,0.6841517180476411
squat_right_2.mp4,middle,0.0764465893739212,0.1528406080394937,0.1068406156753783,1.9993123210756787,0.6990329143925605
squat_right_2.mp4,down,0.0759588155827191,0.1534090512350192,0.1089550991647456,2.0196345882718094,0.7102260152683486
squat_right_2.mp4,down,0.0757432656169282,0.1530768624774111,0.1090542953943631,2.0209963384942737,0.712415277066812
squat_right_2.mp4,down,0.0760731972240343,0.1526321999508488,0.1111396399701736,2.0063860271489515,0.7281532992773688
squat_right_2.mp4,down,0.0762272324251439,0.1523963225052498,0.1130367915348579,1.999237249691636,0.7417291288703111
squat_right_2.mp4,down,0.0759471247932848,0.1520399673995401,0.1134715536762185,2.0019186745168707,0.7463271376402686
squat_right_2.mp4,down,0.0760015800603579,0.1523452412599377,0.1132808164695351,2.004500974044885,0.7435796191116382
squat_right_2.mp4,down,0.07640921727108,0.151960321669607,0.1129326578331841,1.988769511019742,0.7431720109063926
squat_right_2.mp4,middle,0.0758247047096851,0.1533504354074471,0.1127251339098553,2.0224336645238483,0.7350819292449238
squat_right_2.mp4,middle,0.0756899611419106,0.1551502294251661,0.1116945328839052,2.049812512577143,0.7199121348240032
squat_right_2.mp4,up,0.0756085614199435,0.1551364990258224,0.1089320894328966,2.0518377299121786,0.7021693161630835
squat_right_2.mp4,up,0.0756832518494504,0.1566891102904969,0.1049396596422268,2.070327403507765,0.6697316708715229
squat_right_2.mp4,up,0.0760252632276393,0.1562827581065252,0.0983900274049654,2.055668753669082,0.6295641860754784
squat_right_2.mp4,up,0.0768802322252527,0.1543409069159933,0.091735009587242,2.0075499572346147,0.5943661432362369
squat_right_2.mp4,up,0.0776817987823475,0.1526151991363491,0.087195264413279,1.9646197890441943,0.5713406325629286
squat_right_2.mp4,up,0.0775512496624248,0.1512735760649002,0.0849649372757556,1.9506271881289283,0.5616641021251689
squat_right_2.mp4,up,0.0775745900534405,0.1503410545630963,0.0836877280822353,1.9380193238472492,0.5566525279833833
squat_right_2.mp4,up,0.0778014780033248,0.1495219035712545,0.0826756362772142,1.9218388571598184,0.5529332780184625
squat_right_2.mp4,up,0.0780885382912707,0.1489552002653472,0.0829118915538466,1.9075168203269914,0.5566230074958661
squat_right_2.mp4,up,0.0779342047786104,0.1490381485520436,0.0832358073434328,1.9123586232183916,0.5584865898570067
squat_right_2.mp4,up,0.0777791735038228,0.149176437853654,0.0834296528920505,1.9179483547266298,0.5592683006273228
squat_right_2.mp4,up,0.0776852091816322,0.1492133605050353,0.0835841265806815,1.9207434990123595,0.5601651641500353
squat_right_2.mp4,up,0.0776682044630252,0.1491393840363316,0.0836263468170214,1.9202115597680776,0.5607261110629861
squat_right_2.mp4,up,0.077688338953144,0.1493269424080137,0.0836887739652663,1.9221281394377208,0.5604398818841355
squat_right_2.mp4,up,0.0775560318198318,0.1494585902272448,0.0839507071743606,1.927104658660822,0.561698775873086
squat_right_2.mp4,up,0.0776999388828877,0.1493755030848623,0.0843782803654765,1.9224661593364536,0.5648736146350585
squat_right_2.mp4,up,0.0770032117021676,0.1489793099366733,0.0856385225023069,1.9347155351505891,0.5748350058723544
squat_right_2.mp4,up,0.0762179165124745,0.1485880975320449,0.0896232383554093,1.9495166534462491,0.6031656629568254
squat_right_2.mp4,up,0.0762017192016369,0.1508054813779278,0.0980083628399365,1.9790299084838536,0.6498992075382295
squat_right_2.mp4,up,0.0751255919150452,0.1535916842530242,0.1030949607760969,2.0444655454656697,0.6712274904561897
squat_right_2.mp4,up,0.0750594749507334,0.1542625544298314,0.105124323934833,2.0552042834177073,0.6814636534665343
squat_right_2.mp4,up,0.0754910366555656,0.1546647581782365,0.1089640436109765,2.048783074524567,0.7045175959568356
squat_right_2.mp4,middle,0.0751012379960642,0.155595969475047,0.1131073559796583,2.0718163059203,0.7269298578958203
squat_right_2.mp4,middle,0.0751648800891114,0.1544299995374499,0.1150247923913308,2.054549935480055,0.7448345058334137
squat_right_2.mp4,down,0.0739631337339897,0.1530319561951855,0.1143832880554,2.06903018395041,0.7474470751031188
squat_right_2.mp4,down,0.0743046784285912,0.1528345188225719,0.1143152854970292,2.056862664030637,0.7479677129074466
squat_right_2.mp4,down,0.0750628960748935,0.1527343568148441,0.1168384926855542,2.034751718911224,0.7649784575136194
squat_right_2.mp4,down,0.0750747680419143,0.1531177881494055,0.1186643491028896,2.0395372792083712,0.7749873514833053
squat_right_2.mp4,down,0.0744155842262597,0.1533880640976428,0.1182789095577318,2.0612357706050957,0.7711089533175056
squat_right_2.mp4,down,0.0743804387380166,0.1533667990370895,0.1176506626250214,2.0619238288883897,0.7671195028108354
squat_right_2.mp4,middle,0.0753528626538868,0.154826300804192,0.1161140945040389,2.054683728677239,0.7499636295701967
squat_right_2.mp4,up,0.0763712398405302,0.1546718528887731,0.112060601732493,2.025263086100755,0.7245054587474135
squat_right_2.mp4,up,0.0764362897742198,0.1545722741824245,0.1079587484480125,2.022236749572821,0.6984354019440819
squat_right_2.mp4,up,0.0765496202117387,0.1542918948322694,0.1050396400115364,2.0155801479549225,0.6807852099147846
squat_right_2.mp4,up,0.0768982909788189,0.1530028510868289,0.0988591704797195,1.98967817280845,0.6461263288722447
squat_right_2.mp4,up,0.0776903124508184,0.1515882813028016,0.0907986795299762,1.9511864030507546,0.598982182195228
squat_right_2.mp4,up,0.077861630225626,0.1514287845319166,0.0882769114393317,1.9448447726191842,0.5829599155286463
squat_right_2.mp4,up,0.0776668495683889,0.1513346525538666,0.0864262380742104,1.948510251089947,0.5710935110743889
squat_right_2.mp4,up,0.0773706884113179,0.1511163569115241,0.0851159913438493,1.9531473742117897,0.5632480367011704
squat_right_2.mp4,up,0.0776004488130461,0.1499700727267125,0.0838040637743537,1.932592852497777,0.5588052486116226
squat_right_2.mp4,up,0.078082885322239,0.1492633584923711,0.0818227212357454,1.9116014716461687,0.5481768738302065
squat_right_2.mp4,up,0.0780363888748698,0.1488633561197369,0.0817480056346356,1.9076146175656217,0.5491479418808907
squat_right_2.mp4,up,0.0779605502998966,0.1488782773052346,0.0818335355084597,1.9096617036761996,0.5496673993660083
squat_right_2.mp4,up,0.07785102977946,0.1488751225310062,0.0819360491840489,1.9123076849817728,0.5503676355798403
squat_right_2.mp4,up,0.0778355148439504,0.1488179222168581,0.0819581012980152,1.9119539777596095,0.5507273591589695
squat_right_2.mp4,up,0.0779237695843292,0.1488045906088953,0.0821505484500081,1.9096174556578502,0.5520699873159509
squat_right_2.mp4,up,0.0778187782588834,0.1488552679341122,0.0824541486920602,1.9128450904087486,0.5539216034232453
squat_right_2.mp4,up,0.0777147427104161,0.1490000191479449,0.0828366411041071,1.917268383724243,0.5559505399919248
squat_right_2.mp4,up,0.077369533098871,0.1491114445684485,0.0835343467904822,1.9272630788387732,0.5602141876650949
squat_right_2.mp4,up,0.0768801137530774,0.1485091149900752,0.0852215122118892,1.9316973888339306,0.5738470141552222
squat_right_2.mp4,up,0.0772406805641214,0.1486684638856023,0.0906072932790957,1.9247430602606495,0.6094587305941116
squat_right_2.mp4,up,0.0766423923439988,0.1507556377822197,0.0955889892496387,1.9670006790181316,0.6340657679928742
squat_right_2.mp4,up,0.0760570751750302,0.1542076664577446,0.1001830836248111,2.027525593153121,0.649663443628225
squat_right_2.mp4,up,0.0757770148614531,0.1558764392724123,0.1035979115941761,2.057041169507785,0.6646155896153533
squat_right_2.mp4,middle,0.0765647379169769,0.1562599338112492,0.1110830447925785,2.040886419289907,0.7108862910869964
squat_right_2.mp4,middle,0.0763361471542762,0.1553439047656392,0.1144691748100614,2.0349979735247503,0.7368758689486802
squat_right_2.mp4,down,0.0747459968957812,0.1546716223826161,0.1165631335402799,2.0692964012276898,0.7536168027767498
squat_right_2.mp4,down,0.0742602128889861,0.1544515242300944,0.1183489218920618,2.0798691280482697,0.7662528581832013
squat_right_3.mp4,down,0.0841263821666165,0.1577346454847909,0.1413313709904361,1.8749724096347038,0.8960071552832289
squat_right_3.mp4,down,0.0821412354805776,0.1498006663241249,0.1498207421087385,1.8236962890525972,1.000134016657644
squat_right_3.mp4,down,0.0795696421707075,0.1551523066096362,0.1490829389107215,1.9498932303449952,0.9608812280555696
squat_right_3.mp4,down,0.079051032962294,0.1601432335581191,0.1469545726693227,2.0258208850288484,0.9176445948057493
squat_right_3.mp4,middle,0.0797174358341795,0.1599890230554395,0.1389809823208245,2.0069514452049506,0.8686907368180175
squat_right_3.mp4,up,0.0801348080099745,0.1588973450703432,0.1297769987193965,1.9828754696781081,0.8167348464000123
squat_right_3.mp4,up,0.080700946996708,0.1588341936248134,0.1204945414711994,1.9681825249373177,0.7586183977224882
squat_right_3.mp4,up,0.0813757422640615,0.1558006903051432,0.1041987300661872,1.9145839530357254,0.6687950474552387
squat_right_3.mp4,up,0.0810578526757762,0.1521481805117973,0.0953316779017147,1.877031965309712,0.6265712648093276
squat_right_3.mp4,up,0.0813769120247824,0.1547398913554129,0.0948091282732616,1.9015208061506275,0.6126999795773419
squat_right_3.mp4,up,0.0817520117502764,0.1548890313537509,0.0943894704888844,1.8946204263068454,0.6094006119342846
squat_right_3.mp4,up,0.0815819646946048,0.1548628191791816,0.0946789043394067,1.8982482189402707,0.6113727287236064
squat_right_3.mp4,up,0.0816747305620125,0.1566084180171782,0.0954709681235229,1.917464764677386,0.6096158133278047
squat_right_3.mp4,up,0.0827565969150992,0.1580736359776048,0.1035630609617983,1.9101031442819485,0.6551570748740839
squat_right_3.mp4,up,0.0852955589226863,0.1611986716738132,0.120675363469017,1.8898835262915281,0.7486126418783684
squat_right_3.mp4,middle,0.0856271003790662,0.1631029784385005,0.1307723834405836,1.9048055780991424,0.8017780220358915
squat_right_3.mp4,middle,0.0850697501290469,0.1616070767584511,0.1392755637804245,1.8997008515165565,0.8618159957722347
squat_right_3.mp4,down,0.0833318659905316,0.1602343876539142,0.1450687992592978,1.9228465095467857,0.9053537220276827
squat_right_3.mp4,down,0.0826233240630922,0.1590026485376399,0.1465677803143916,1.924428124148376,0.9217945843191118
squat_right_3.mp4,down,0.0818394016677606,0.1568021455888496,0.1524995774196239,1.9159737533934031,0.9725605274528101
squat_right_3.mp4,down,0.080328776488688,0.1569798325265403,0.1550126131156294,1.9542166504757656,0.987468330299191
squat_right_3.mp4,down,0.0806686533868622,0.1563266946274625,0.154661623107757,1.9378865031720245,0.9893487703832446
squat_right_3.mp4,down,0.082389994007656,0.1580577775338593,0.153153540126563,1.9184098680620363,0.9689718691239618
squat_right_3.mp4,down,0.0806933051767934,0.1580753469017017,0.1513016844058478,1.9589648305441154,0.957149153055055
squat_right_3.mp4,middle,0.0794623536142056,0.1584726280849022,0.1494686306958444,1.9943107758209142,0.9431826335066906
squat_right_3.mp4,middle,0.0794270971348427,0.1606161558155176,0.1412740174018288,2.022183380853526,0.8795753869498344
squat_right_3.mp4,up,0.0810158941575891,0.1584276762172181,0.1196345979934854,1.9555135182369336,0.7551369864786502
squat_right_3.mp4,up,0.0813486678308663,0.1570636957322173,0.1165787182467581,1.930746992179044,0.7422384765828809
squat_right_3.mp4,up,0.0819381671709235,0.1536891477813231,0.1000120772545649,1.87567226712219,0.6507426106420168
squat_right_3.mp4,up,0.0825585869582014,0.1522066783662347,0.0932740633680264,1.8436201971733774,0.6128118974096093
squat_right_3.mp4,up,0.0826561943798317,0.1536260107090808,0.0935873697696456,1.8586146127550955,0.6091896114315599
squat_right_3.mp4,up,0.0822975409639403,0.1547858162162564,0.0937581029764535,1.8808073048510372,0.605728000590577
squat_right_3.mp4,up,0.082051851743154,0.1544160854364383,0.0948424507896445,1.8819329747707005,0.6142005900588907
squat_right_3.mp4,up,0.082697657901228,0.1538679681904343,0.0957563116034982,1.8606085359057003,0.6223277835513215
squat_right_3.mp4,up,0.0844441727395199,0.1561724661278055,0.1073029376284019,1.8494167336986265,0.6870797413200181
squat_right_3.mp4,middle,0.084755449370729,0.1585074115368934,0.1282484530405599,1.8701736904675685,0.8091006710478609
squat_right_3.mp4,middle,0.0845738659659899,0.1599465749516981,0.13758181415633,1.8912056712178462,0.8601735560631919
squat_right_3.mp4,down,0.0847754676415839,0.1585170204451099,0.142581407880713,1.869845426453943,0.8994706529327242
squat_right_3.mp4,down,0.0843612383369822,0.1571835981549496,0.1462102382175353,1.863220612375051,0.9301876272955852
squat_right_3.mp4,down,0.0842118441284819,0.1580426224124829,0.1489706850339701,1.8767267722027021,0.9425981596607811
squat_right_3.mp4,down,0.0832586628146342,0.156397054987022,0.1523522329387746,1.8784478359353667,0.9741374794520072
squat_right_3.mp4,down,0.0829634838460708,0.1566566889821525,0.1522625192248478,1.888260734961552,0.9719503215224643
squat_right_3.mp4,down,0.0831333341834456,0.1565745047127809,0.1510964629384517,1.8834142314955977,0.9650131942976408
squat_right_3.mp4,down,0.0823036186428701,0.1568508536116825,0.1513814793166578,1.9057588985520306,0.9651300954436289
squat_right_3.mp4,down,0.0808655586164097,0.1604476757192727,0.1485927761066002,1.984128700332922,0.9261136095644388
squat_right_3.mp4,middle,0.0813735021138322,0.1619848951638178,0.1444107033505049,1.990634432044224,0.8915072186481348
squat_right_3.mp4,up,0.0818795941799379,0.1621078956705427,0.1337144377039521,1.9798326713038632,0.8248483958838404
squat_right_3.mp4,up,0.082233831963489,0.1615728997385392,0.1233540926504148,1.9647983789722452,0.7634578128512214
squat_right_3.mp4,up,0.0820813218102165,0.155706222494828,0.100063496686374,1.8969750859378527,0.6426428891735381
squat_right_3.mp4,up,0.0817770485103755,0.1534027023800468,0.0931558850609599,1.8758649911482654,0.6072636506113908
squat_right_3.mp4,up,0.0816096585574088,0.1536699604667092,0.094413016750329,1.8829874206446917,0.6143882412905447
squat_right_3.mp4,up,0.0812097103075355,0.1562990110035573,0.094023109486247,1.9246345099824131,0.6015592093804552
squat_right_3.mp4,up,0.0805745838486572,0.1565246129712831,0.0936784851292065,1.94260529182853,0.5984904440964393
squat_right_3.mp4,up,0.0804631972189202,0.1551347314804412,0.0945885120187457,1.928020969119068,0.6097184757796874
squat_right_3.mp4,up,0.0814206651758171,0.1558051800742504,0.1053885404183198,1.913582746318884,0.6764123013631249
squat_right_3.mp4,up,0.0824267476803176,0.1584087321751313,0.1174419334734081,1.9218122349009916,0.7413854770554461
squat_right_3.mp4,middle,0.0820748176748889,0.1600412838194327,0.1329756583125111,1.9499438238581421,0.8308834766818135
squat_right_3.mp4,down,0.081559114321416,0.1609448327378222,0.1380236924668107,1.9733518942292005,0.8575838696955879
squat_right_3.mp4,down,0.0807355430475791,0.1591778420721061,0.1417431948183339,1.9715956078761911,0.8904706394632835
squat_right_3.mp4,down,0.0816762202859186,0.1574693963448771,0.1446699263260995,1.9279711499091694,0.9187177298200522
squat_right_3.mp4,down,0.0809852235601367,0.1554672683105114,0.1515689905539005,1.9196991929653318,0.974925411638256
squat_right_3.mp4,down,0.0813007855000273,0.1527891399761097,0.1520897803034301,1.8793070575690614,0.9954227134677964
squat_right_3.mp4,down,0.0807433278919314,0.1534375390556303,0.1517718746859956,1.900312299004995,0.9891443490303191
squat_right_3.mp4,down,0.0806990942155933,0.1549248456740943,0.1505104042342857,1.919784195597062,0.9715059168166286
squat_right_3.mp4,down,0.0790814545222009,0.1554020223520286,0.149949439569111,1.9650880638317276,0.964913051320748
squat_right_3.mp4,middle,0.0779667771936192,0.1551751909162596,0.1434179925018308,1.9902732484492012,0.9242327440036883
squat_right_3.mp4,up,0.0786122737092897,0.1588794711860353,0.1326139629061128,2.0210517224520923,0.8346828065082892
squat_right_3.mp4,up,0.0791410595782168,0.1595029998066173,0.1305812730278651,2.0154266401876653,0.8186759696443506
squat_right_3.mp4,up,0.0801905414550656,0.1584272601007978,0.1118761515429332,1.9756352460791375,0.7061673065086974
squat_right_3.mp4,up,0.0808898972337585,0.1507150876952027,0.09420633138215,1.863212747812757,0.6250623797709445
squat_right_3.mp4,up,0.0810633047967775,0.1528651671150923,0.0922168769931633,1.8857504946081243,0.6032563123012397
squat_right_3.mp4,up,0.0806199540163407,0.1578098190869345,0.0937044517567085,1.9574535983355725,0.5937808705368862
squat_right_3.mp4,up,0.0806128104498244,0.1581922527019526,0.0939517838039415,1.9623711395152976,0.5939088811191942
squat_right_3.mp4,up,0.0807496404952216,0.1556347656343262,0.0954744135612979,1.9273740994987585,0.6134517128751369
squat_right_3.mp4,up,0.0820954794438343,0.1555411988933394,0.1044722520456876,1.894637804018832,0.6716693248412483
squat_right_3.mp4,up,0.0833669134799377,0.1577289503638691,0.1240907117801031,1.8919850067596262,0.7867338969405105
squat_right_3.mp4,middle,0.0832436535681404,0.1568395966211992,0.1367939930539716,1.8841027501611962,0.8721904162018348
squat_right_3.mp4,down,0.0828123772651168,0.1600932959422341,0.1416004807963735,1.933204929375581,0.884487260774909
squat_right_3.mp4,down,0.0834476699988055,0.1586513519439299,0.1457729918025427,1.9012076903549362,0.9188260296329612
squat_right_3.mp4,down,0.0838566218164537,0.1552461917459215,0.1461390854129373,1.851328951525451,0.941337650665924
squat_right_3.mp4,down,0.0829932862352035,0.1540993905290902,0.1500947336501636,1.8567693547207125,0.9740125066998846
squat_right_3.mp4,down,0.08282095144841,0.1548401410753179,0.1501818837659599,1.8695769411894452,0.9699156996563822
squat_right_3.mp4,down,0.083317859310879,0.156766316152729,0.1494372748320476,1.881545174700134,0.95324862189438
squat_right_3.mp4,down,0.0842735859804906,0.1574511455756581,0.1491386836357913,1.8683332831251318,0.9472060878980871
squat_right_3.mp4,down,0.0813617473940176,0.1569704784201066,0.1474926683748759,1.9292908946501857,0.9396204296462367
squat_right_3.mp4,down,0.0798322331649028,0.1573613208673109,0.1455914113416949,1.9711501811838672,0.9252045581420829
squat_right_3.mp4,middle,0.080029045745302,0.1594952109384202,0.143288500187317,1.9929665467463502,0.8983874772430599
squat_right_3.mp4,up,0.0806320694045776,0.1596012026000587,0.1315141125844588,1.9793762429592054,0.8240170527663081
squat_right_3.mp4,up,0.0809525908940635,0.1586149695935944,0.1075555727629588,1.9593563077080727,0.6780921941891063
squat_right_3.mp4,up,0.0810923965159376,0.1575780790245134,0.1003243917062749,1.9431917885611334,0.63666464477377
squat_right_3.mp4,up,0.0814764803037938,0.1568352032610547,0.0939129359310718,1.9249138239192198,0.5988001034101522
squat_right_3.mp4,up,0.0813763282883513,0.1557678435442981,0.0944971323420951,1.91416652509002,0.6066536596510146
squat_right_3.mp4,up,0.0811062961133376,0.1551390846824927,0.0942603679105538,1.9127871955304432,0.6075862062965425
squat_right_3.mp4,up,0.0812327062489072,0.156746486192091,0.0952001596705042,1.9295982299518633,0.6073511565282396
squat_right_3.mp4,up,0.0832472232717183,0.161362767519249,0.1047381820121791,1.9383561538450618,0.6490851862694091
squat_right_3.mp4,up,0.0842592149376029,0.1628170292413606,0.1179444052159858,1.9323349898516466,0.7243984598266103
squat_right_3.mp4,middle,0.0843425493624699,0.1585782408050594,0.1384955130903645,1.8801689301986206,0.8733576081261828
squat_right_3.mp4,down,0.0844749530312349,0.1598338400995157,0.1435234574415541,1.8920855752404693,0.8979541338191809
squat_right_3.mp4,down,0.0831827323257983,0.1586431681089518,0.1481620100003906,1.9071646683544943,0.9339324962209338
squat_right_3.mp4,down,0.0835995097217223,0.156259543684791,0.1518225767090363,1.8691442593973597,0.9716051457010202
squat_right_3.mp4,down,0.0857888171939771,0.2065023491667384,0.1570343543395312,2.407101017604846,0.7604482707978071
squat_right_3.mp4,down,0.0815441364035689,0.2058684716721347,0.1578365027514752,2.524626303640939,0.7666861344501793
squat_right_3.mp4,down,0.0818980699166872,0.212278118659894,0.1582061167770483,2.59197950422811,0.7452775527491916
squat_right_3.mp4,up,0.0847723744920331,0.2129729394376222,0.153339295424214,2.512291777997057,0.7199942670140291
squat_right_3.mp4,up,0.0901195231526041,0.2113263216813511,0.1385420466498081,2.3449560571187353,0.6555834859923841
squat_right_3.mp4,up,0.0899324013496132,0.2095135325329305,0.1307415424072761,2.3296779513141694,0.6240243330665367
squat_right_3.mp4,up,0.0903682374671222,0.2085580225597905,0.1210218951478932,2.3078686539135846,0.5802792607184315
squat_right_3.mp4,up,0.0920632268601494,0.2065671268602841,0.1197493048352688,2.2437528414474794,0.5797113347868932
squat_right_3.mp4,up,0.0925314872697976,0.2069274845853011,0.1200347707346239,2.236292646869003,0.5800813312701452
squat_right_3.mp4,up,0.0923938389794232,0.2054987246510985,0.119274079361889,2.2241604734798885,0.5804127473997509
squat_right_3.mp4,up,0.0923389641417653,0.2039164169313919,0.1210570717319925,2.2083463771406944,0.5936602533219403
squat_right_3.mp4,up,0.0924039290417691,0.2057555231956298,0.1283722745982151,2.226696692763169,0.6239068220596942
squat_right_3.mp4,up,0.0908237128321985,0.2057793598443589,0.1370591238605626,2.265700811246804,0.6660489369012867
squat_right_3.mp4,middle,0.0885539304485792,0.2134412647101997,0.1501899277911667,2.410296907534094,0.7036592853546261
squat_right_3.mp4,down,0.0850424938295104,0.2151309033712455,0.1564685119634497,2.529687144435473,0.7273176912822994
squat_right_3.mp4,down,0.0828060676840312,0.2157524222770126,0.1585168379488989,2.6055146477945788,0.7347163766503312
squat_right_3.mp4,down,0.0827196662328633,0.2173392239101619,0.1568702922242232,2.6274190142200577,0.7217762601796452
squat_right_3.mp4,down,0.0829397532802111,0.2177427708410501,0.1561588441545883,2.6253124976801945,0.7171711995370106
squat_right_3.mp4,down,0.0837367613628535,0.216284816289966,0.1551841551745474,2.58291355875046,0.7174990729191876
squat_right_3.mp4,down,0.0817872194858367,0.2163738602161911,0.15457618818007,2.64557056195878,0.7143940031648203
squat_right_3.mp4,down,0.0811562358584795,0.2178901953635512,0.1536764875949939,2.6848238223309027,0.7052932663564034
squat_right_3.mp4,down,0.0806697427455174,0.215063281051568,0.1536819718851902,2.665972069974383,0.7145895437554505
squat_right_3.mp4,down,0.0799803546907953,0.2145522245185121,0.154467330672102,2.682561553371109,0.7199521282930076
squat_right_3.mp4,middle,0.0810252628582454,0.2171725243580938,0.1531380892603509,2.6803063229555892,0.7051448598895637
squat_right_3.mp4,middle,0.082905469172521,0.2190298177997827,0.1513271604842238,2.641922420630605,0.6908975316892855
squat_right_3.mp4,up,0.0866221234145487,0.216803205050894,0.1349376293500951,2.5028618152586253,0.6223968382682296
squat_right_3.mp4,up,0.0872903639713577,0.2141330397383551,0.1281820303922363,2.453112004534863,0.5986093063866248
squat_right_3.mp4,up,0.0889168692511934,0.2109715537012773,0.1213355026864868,2.3726831081431237,0.5751273124636054
squat_right_3.mp4,up,0.0901898033167371,0.2120305372151386,0.1183682664425141,2.350936906586986,0.5582604656725023
squat_right_3.mp4,up,0.0906913736022276,0.211644425893749,0.1190947099111603,2.3336775868234336,0.562711299427035
squat_right_3.mp4,up,0.0908960963259138,0.2112184672703239,0.11921765703733,2.323735295660954,0.5644281893436505
squat_right_3.mp4,up,0.0909458763725258,0.2106712036706159,0.1197205603275235,2.3164459134758353,0.5682815602777227
squat_right_3.mp4,up,0.0911574482275896,0.2101128509047524,0.1199386302918726,2.304944412004283,0.5708295793208895
squat_right_3.mp4,up,0.0917532595003229,0.2081733502963382,0.1282465515743113,2.2688387467652373,0.6160565288100048
squat_right_3.mp4,up,0.0914533012928179,0.2094698683096031,0.1381862714040741,2.290457155165085,0.6596952226075323
squat_right_3.mp4,middle,0.0890582035968484,0.210995900709843,0.1513145139083067,2.369191070426102,0.7171443302891042
squat_right_3.mp4,down,0.0859907886676616,0.2166680209311996,0.1574717251877675,2.5196654698514416,0.7267880350361939
squat_right_3.mp4,down,0.0821089328968413,0.2147034093106105,0.1571759840505293,2.6148605484905776,0.7320609605371635
squat_right_3.mp4,down,0.0813661584731021,0.2177784365252144,0.1562007100052657,2.6765235155744422,0.7172459886182568
squat_right_3.mp4,down,0.081306114832061,0.2186670727885539,0.1543193345863537,2.6894296110472626,0.7057273535443399
squat_right_3.mp4,down,0.0815975479498926,0.2172836652719373,0.1517734445257723,2.6628700338564926,0.6985037017661824
squat_right_3.mp4,down,0.0806548498738142,0.2140336881306619,0.1511993667135497,2.6536989215840214,0.7064278900863797
squat_right_3.mp4,down,0.0806426635997017,0.2116171479503232,0.1527577745757586,2.624133907589654,0.7218591501460848
squat_right_3.mp4,down,0.0791341029550289,0.2134579405438527,0.1531159416666964,2.6974203607913347,0.7173119972795781
squat_right_3.mp4,down,0.0783560859377807,0.2178254905089914,0.1540183822748616,2.7799434836747396,0.7070723537220912
squat_right_3.mp4,middle,0.0822534650409787,0.2175166098823352,0.1505561887456154,2.644467437012755,0.6921595037135703
squat_right_3.mp4,up,0.0870108700924076,0.2145395186157916,0.1455793265614137,2.465663409502118,0.6785664827659311
squat_right_3.mp4,up,0.0898678303649089,0.2133839368887657,0.1342687723438055,2.3744195895496625,0.6292356130527205
squat_right_3.mp4,up,0.0908592999926903,0.2105003941984762,0.1180966733711829,2.3167732330692745,0.5610282765543524
squat_right_3.mp4,up,0.0913205803881442,0.2090818934615743,0.1167545731421762,2.289537501545693,0.5584155146539923
squat_right_3.mp4,up,0.0914314136549256,0.2102622839635846,0.1176503482002499,2.2996722412839707,0.5595409028307987
squat_right_3.mp4,up,0.0916916151938088,0.2102312460735494,0.1176536400460086,2.2928077516050194,0.5596391699302752
squat_right_3.mp4,up,0.0917381349915616,0.2106128683251401,0.1185319437070453,2.2958049925967323,0.5627953536251069
squat_right_3.mp4,up,0.0910397777473011,0.2069624927149936,0.1188805343992066,2.273319397697333,0.5744061778523127
squat_right_3.mp4,up,0.0909862890708547,0.207716033832524,0.122457117599495,2.282937747584882,0.5895409966195916
squat_right_3.mp4,up,0.0905120086925481,0.2108781991020867,0.1340793368454004,2.3298366940280757,0.6358141212145512
squat_right_3.mp4,middle,0.0877128248506303,0.2103617840643292,0.144929240675206,2.3983013250634984,0.6889523271531403
squat_right_3.mp4,down,0.0843370428249344,0.2149553898892816,0.1514074233467332,2.548766030787715,0.7043667219729618
squat_right_3.mp4,down,0.081490400530277,0.2155197104525174,0.1569821066555994,2.6447251338817885,0.728388630097873
squat_right_3.mp4,down,0.0812524469000534,0.2199273886825129,0.1563070615334196,2.706717115277034,0.7107212178973508
squat_right_3.mp4,down,0.0821848868212123,0.219941419803788,0.1555422909701176,2.6761784107856204,0.7071987218636602
squat_right_3.mp4,down,0.0818832380470405,0.2206486602879853,0.153820845766827,2.6946743381255454,0.6971302049423901
squat_right_3.mp4,down,0.0817529770454912,0.2193468388265575,0.1526373209113425,2.6830440523835923,0.6958719885269752
squat_right_3.mp4,down,0.0808133284328903,0.2148489178893597,0.1518315547828077,2.6585827122289163,0.7066898743283225
squat_right_3.mp4,down,0.0796272234961236,0.2141141997419522,0.1518397696527064,2.6889572477982444,0.7091531987869175
squat_right_4.mp4,middle,0.0965419187766992,0.1518025304827776,0.1216684773187979,1.5724001802149365,0.8014917599321675
squat_right_4.mp4,up,0.0897865695934775,0.1506551945214565,0.1114090477515091,1.677925721002273,0.7394968896053702
squat_right_4.mp4,up,0.0914549947459062,0.1586471391798152,0.1046718565102953,1.7347017472429163,0.6597777750764053
squat_right_4.mp4,up,0.0895415584539526,0.1616526541418221,0.0915059566313376,1.8053366161250493,0.5660652905275347
squat_right_4.mp4,up,0.0905570452168861,0.1609489630041985,0.0904293574327786,1.7773212743273836,0.5618511343277165
squat_right_4.mp4,up,0.0933641447356574,0.1617555063938146,0.0907600613259418,1.7325227671907044,0.561094106465685
squat_right_4.mp4,up,0.0919776534827701,0.1635347944085058,0.0902828778097844,1.7779839799798796,0.552071368887162
squat_right_4.mp4,up,0.0924884537274162,0.1639330533574072,0.0888623679475705,1.772470473347451,0.5420649840141303
squat_right_4.mp4,up,0.0933576094711651,0.1623445126399856,0.0876794066479761,1.7389531882789708,0.5400823546306954
squat_right_4.mp4,up,0.0940214106703389,0.1596179810282775,0.0881532867811058,1.697676942839494,0.5522766684129954
squat_right_4.mp4,up,0.093989948559599,0.159215367655164,0.086233791078222,1.6939616426559228,0.5416172593652588
squat_right_4.mp4,up,0.0932910175613349,0.1580571717330028,0.0853902799426787,1.6942378362320563,0.5402493224851812
squat_right_4.mp4,up,0.0934068284633222,0.1574717984635907,0.0872960620383692,1.6858703057820308,0.5543599735958631
squat_right_4.mp4,up,0.0934586718516867,0.1584030067093519,0.0880131444439665,1.694898970538849,0.5556279913641963
squat_right_4.mp4,up,0.0941658972621552,0.1557577722637058,0.0906061350625513,1.6540783531226868,0.581711806388387
squat_right_4.mp4,up,0.0947127269918778,0.1519160863756612,0.0986155590105202,1.603966976779044,0.6491449415479387
squat_right_4.mp4,up,0.0955591631250464,0.1497680647620289,0.102923405113033,1.5672810420707226,0.687218635538699
squat_right_4.mp4,up,0.0993468957875622,0.1459007142015866,0.1048085469611692,1.4685986214765328,0.7183552701212854
squat_right_4.mp4,up,0.0982206547981648,0.1469458646067661,0.1077111423118238,1.4960790569837628,0.7329987992521176
squat_right_4.mp4,up,0.0975678015237444,0.1430645762297803,0.1098505821728435,1.4663093151172795,0.7678391469626219
squat_right_4.mp4,up,0.0968090482043049,0.1372283054971338,0.1108950832580238,1.4175152843929266,0.8081064825240446
squat_right_4.mp4,up,0.0942114485832951,0.1455032367222292,0.1143170069760332,1.5444326449729253,0.7856664191894809
squat_right_4.mp4,middle,0.0921060378606518,0.1475949111903281,0.116852032012885,1.6024455575173695,0.7917077294230067
squat_right_4.mp4,middle,0.093205635280272,0.1456559107116831,0.1167804806602299,1.5627371700615702,0.8017558648298844
squat_right_4.mp4,middle,0.0932860850423973,0.1538949750059985,0.1179710907967669,1.6497098676191122,0.7665688291132874
squat_right_4.mp4,middle,0.0930440876498653,0.158994390878269,0.1224206016260519,1.7088070278745882,0.7699680532741616
squat_right_4.mp4,middle,0.0935038985739112,0.1586364247505191,0.1242467390315645,1.696575513641532,0.7832169643697037
squat_right_4.mp4,middle,0.0966072235538346,0.1580700874141279,0.1253077017902653,1.6362139558440263,0.7927350698679099
squat_right_4.mp4,middle,0.095817645596868,0.1585920401148744,0.1233178778623895,1.655144406095262,0.7775792389899616
squat_right_4.mp4,down,0.0950133223720443,0.155091978968896,0.1224049543648138,1.6323182380845638,0.7892410373418625
squat_right_4.mp4,down,0.0953295518278912,0.1597587135664615,0.1222223803534831,1.6758571765331625,0.7650435937106939
squat_right_4.mp4,down,0.0949955396377905,0.1585363945889311,0.1207042511668697,1.668882509572725,0.7613661927902654
squat_right_4.mp4,down,0.0946884596368794,0.1547663235514401,0.1202850814608721,1.6344792611998673,0.7772044893273738
squat_right_4.mp4,down,0.0939336776348685,0.156335154711516,0.1193893413348149,1.6643142124085628,0.7636755888662604
squat_right_4.mp4,down,0.0958095020474235,0.1549517933507914,0.119155282274153,1.6172904569955266,0.768982918477106
squat_right_4.mp4,down,0.0939052906350855,0.1544407908671784,0.1196619641457838,1.6446441922780786,0.7748080249646937
squat_right_4.mp4,down,0.095212372082151,0.1562326020603088,0.1248130852532724,1.640885513549735,0.7988926997778103
squat_right_4.mp4,middle,0.0924882377965854,0.154245481213255,0.1323953885386815,1.6677307827239154,0.8583420888397746
squat_right_4.mp4,middle,0.0962025025786615,0.1547934604907288,0.1339764556405628,1.6090377728392198,0.8655175432852809
squat_right_4.mp4,middle,0.091551443844184,0.1519106668690257,0.1323471121329635,1.659292966778002,0.8712167148016701
squat_right_4.mp4,up,0.0870404807789249,0.1518765012113951,0.125752245981083,1.74489501726384,0.8279901431627659
squat_right_4.mp4,up,0.0919696392252786,0.1491749960993752,0.1160967232816801,1.6220026234306817,0.7782585977367178
squat_right_4.mp4,up,0.0916487728435407,0.1526741245539777,0.1089728563851292,1.6658610892108414,0.7137611347272014
squat_right_4.mp4,up,0.0916078037830859,0.1536404905899781,0.1017879189801655,1.6771550484255324,0.6625071202864609
squat_right_4.mp4,up,0.0925374530675142,0.1585919606488723,0.094151088569374,1.713813762878967,0.5936687344311704
squat_right_4.mp4,up,0.0922145457839951,0.1607826966164739,0.091004963347964,1.7435719630728757,0.566012172099865
squat_right_4.mp4,up,0.0914344867471232,0.1615758302078064,0.0916806707159453,1.7671213122754257,0.5674157489893921
squat_right_4.mp4,up,0.0928442750074463,0.1608598915665515,0.0871182106190601,1.7325773888982408,0.5415782005734926
squat_right_4.mp4,up,0.0927576202658397,0.1604147546582863,0.0851334485720227,1.7293970479033844,0.5307083425921325
squat_right_4.mp4,up,0.0927460882419907,0.1565940893397265,0.0857468666883572,1.6884171861905943,0.5475740945900696
squat_right_4.mp4,up,0.0918872926887253,0.1566013556630695,0.0852596649674093,1.7042765226914203,0.5444375919123391
squat_right_4.mp4,up,0.0912403360412906,0.150687491290316,0.0873254162388613,1.651544676710997,0.57951337228529
squat_right_4.mp4,up,0.0915239143331497,0.1489475845697191,0.0872700796889023,1.6274171144772673,0.5859113455314415
squat_right_4.mp4,up,0.0918709383223331,0.1493427373788688,0.0891604227247428,1.6255710467971214,0.5970188057993808
squat_right_4.mp4,up,0.0926679447446343,0.1494202002131733,0.0912080125437821,1.612425964824531,0.6104128652863426
squat_right_4.mp4,up,0.0955358995029116,0.1503933783595548,0.0951841049213314,1.5742080112510097,0.6329009026831544
squat_right_4.mp4,up,0.0961269122461293,0.1488555372911436,0.0972176560901918,1.5485313510331493,0.6531007032680667
squat_right_4.mp4,up,0.0982072107715669,0.1498498928129006,0.0993487136495839,1.5258542792896972,0.6629882196420962
squat_right_4.mp4,up,0.0963363377557699,0.1511085149166182,0.1012124426831308,1.568551581228941,0.6697997312658384
squat_right_4.mp4,up,0.0969245046400153,0.1485988706215201,0.1017176508390073,1.53314036706638,0.6845116010207183
squat_right_4.mp4,up,0.0970806538748347,0.1500793753558293,0.1071608750147172,1.5459246447734625,0.7140279919252404
squat_right_4.mp4,up,0.0972211336854672,0.1531456954606354,0.1135730793828695,1.5752305044713535,0.7416015124764793
squat_right_4.mp4,up,0.0945205555621948,0.1490573759961297,0.1174652442867665,1.5769837059204495,0.7880538853026401
squat_right_4.mp4,middle,0.0944272864702607,0.1501984448167831,0.1188658263521671,1.590625447699243,0.7913918582656662
squat_right_4.mp4,middle,0.0934223517290595,0.1518199163391786,0.122184257258785,1.6250919991768336,0.8047972901382384
squat_right_4.mp4,middle,0.0924928026619917,0.1582672417988073,0.1234701248697241,1.7111303500790604,0.7801369599065987
squat_right_4.mp4,middle,0.0938880095250888,0.1591999260600475,0.1253043846469476,1.6956363955879372,0.7870882088204295
squat_right_4.mp4,middle,0.0967212007104552,0.1569302736182096,0.1253093408164256,1.6225012971871224,0.798503296574162
squat_right_4.mp4,middle,0.0958092130981533,0.1529458284050291,0.1240334614885588,1.596358256782062,0.810963350762958
squat_right_4.mp4,down,0.0959245278733745,0.1531836734770504,0.1229941647479817,1.5969187117528587,0.8029195406807396
squat_right_4.mp4,down,0.0956020455846805,0.154223050278549,0.1241980565143859,1.6131773053113632,0.8053144863239727
squat_right_4.mp4,down,0.0948006410969238,0.1544142231034417,0.121893525770886,1.6288310006845756,0.7893931227386343
squat_right_4.mp4,down,0.095663064296556,0.1546194131805691,0.1205749699010429,1.6162916619652505,0.7798177953258165
squat_right_4.mp4,down,0.0968970255331127,0.1538582847855161,0.120614036173444,1.5878535377016085,0.7839294214255945
squat_right_4.mp4,down,0.0960987126438978,0.1502393282532174,0.1204232830547502,1.5633854410718528,0.8015430077787992
squat_right_4.mp4,down,0.0971165905697344,0.1503797591833799,0.1216973562724747,1.548445618829668,0.8092668649912614
squat_right_4.mp4,middle,0.0939467590242726,0.1497115624387838,0.1226580352054957,1.5935787885998653,0.819295672340938
squat_right_4.mp4,middle,0.0942763088398881,0.1492465056119502,0.1235578240322869,1.583075403020067,0.8278775005529752
squat_right_4.mp4,middle,0.0948487977034277,0.1518692240956376,0.1183809814531743,1.6011718416347334,0.7794928969850103
squat_right_4.mp4,middle,0.0929126222213757,0.1529122589399522,0.1154404029790785,1.6457641091607556,0.754945377037503
squat_right_4.mp4,up,0.0912177987683284,0.1550333998992209,0.1147377880779912,1.699595934045383,0.7400843182990002
squat_right_4.mp4,up,0.0933574191896411,0.1450785499801801,0.1105663344960759,1.5540120028969047,0.7621135895773766
squat_right_4.mp4,up,0.0911090399226005,0.150747957134282,0.1011646460797332,1.654588362058763,0.6710846899876635
squat_right_4.mp4,up,0.0904670725665873,0.1559668455670409,0.0936654753871515,1.7240178237473442,0.6005473473969201
squat_right_4.mp4,up,0.0917823505011469,0.1571899411476796,0.0919092556583032,1.7126379994562828,0.5847018898744587
squat_right_4.mp4,up,0.0909432980768851,0.1621450442710559,0.0913896692131499,1.7829246101672664,0.5636291236898668
squat_right_4.mp4,up,0.0918730655067943,0.1615310253012583,0.0904773762015916,1.7581978397064868,0.5601238278086186
squat_right_4.mp4,up,0.0923818720921763,0.1619223788892478,0.0826128927827951,1.752750569155881,0.5102005871547931
squat_right_4.mp4,up,0.0910579431717616,0.1594642885852175,0.0792173971665145,1.7512397384643508,0.4967720225596519
squat_right_4.mp4,up,0.0912159046403153,0.1589325747198317,0.0767455763682989,1.7423778818676232,0.4828813508092155
squat_right_4.mp4,up,0.0897579595594284,0.1553458152081732,0.0718814329378566,1.7307191024693396,0.4627188240734451
squat_right_4.mp4,up,0.0885757640090428,0.1460123887654558,0.0737563971724891,1.6484462809775962,0.5051379392947695
squat_right_4.mp4,up,0.0889703411463631,0.1480127663676292,0.0751503029706656,1.6636191843317396,0.5077285210926318
squat_right_4.mp4,up,0.0891330135789149,0.1491843117522632,0.0729753931185045,1.6737267793619615,0.4891626489498982
squat_right_4.mp4,up,0.0888763639116618,0.1505876661573521,0.0736024606820717,1.6943499883391713,0.4887681877290202
squat_right_4.mp4,up,0.0882131570559608,0.1542926625747419,0.0709167071349191,1.749088999012488,0.45962462473266275
squat_right_4.mp4,up,0.0881411218939907,0.153852397308296,0.0708847110304387,1.7455234742001324,0.46073192404273616
squat_right_4.mp4,up,0.0881423227890607,0.1516901873676353,0.0711897500838519,1.7209687987308349,0.4693101862371421
squat_right_4.mp4,up,0.0884219595227257,0.1494742613074645,0.0719487660257919,1.6904653788977329,0.48134551993399877
squat_right_4.mp4,up,0.0892634931727833,0.1484667618597713,0.0760589720493955,1.6632416745375507,0.512296295121154
squat_right_4.mp4,up,0.0902117336480218,0.1474124940182771,0.0760279663115254,1.6340722881286698,0.5157498135951691
squat_right_4.mp4,up,0.0907057212378403,0.1470647638481669,0.0744900682674792,1.6213394463018165,0.5065120040881069
squat_right_4.mp4,up,0.091117238717706,0.1471224447707989,0.0736367653796211,1.614649948146529,0.5005134702209397
squat_right_4.mp4,up,0.0911882136414775,0.1469562012403382,0.0738242913802953,1.6115701292068552,0.5023557410793439
squat_right_4.mp4,up,0.090761887335276,0.1466913142196118,0.0727859408288435,1.6162215058147866,0.496184393848129
squat_right_4.mp4,up,0.0905045849895943,0.1488529718008739,0.0721714962488495,1.644700893529186,0.484850892633813
squat_right_4.mp4,up,0.0903959734122865,0.145975147380009,0.0723121785040677,1.614841257521856,0.49537321798909656
squat_right_4.mp4,up,0.0902801768340506,0.1446638921028362,0.073666647485075,1.602388222707534,0.5092262237262918
squat_right_4.mp4,up,0.0916073891234779,0.1471224103644714,0.0772411430382707,1.6060102986470297,0.5250127621408497
squat_right_4.mp4,up,0.0920186641790972,0.1543336729882291,0.0885257128445476,1.6771996677527,0.573599468803541
squat_right_4.mp4,up,0.0927850832418985,0.1585681423944879,0.0880588160073553,1.7089831345097513,0.555337375323988
squat_right_4.mp4,up,0.0925224113229451,0.161604050478918,0.0921275807546241,1.7466476302141185,0.5700821265407736
squat_right_4.mp4,up,0.0927611081482259,0.1542996155464797,0.0926592623331281,1.6634084976639076,0.6005151860227178
squat_right_4.mp4,up,0.0944115139919743,0.1516454229587757,0.090475313783223,1.6062174680480892,0.5966240986239223
squat_right_4.mp4,up,0.0960954766683285,0.1533983084116896,0.0943282694309956,1.5963114366052902,0.6149237915833978
squat_right_4.mp4,up,0.0976680499272237,0.1555652119792283,0.0965935201750014,1.5927953112112512,0.6209197991379909
squat_right_4.mp4,up,0.0963202395637819,0.1535260919910671,0.0989380089944493,1.5939131036878733,0.6444377480813228
squat_right_4.mp4,up,0.0939125795214682,0.1548399142666663,0.1024225255391959,1.648766491727237,0.6614736647477288
squat_right_4.mp4,up,0.0939871727760449,0.1528401571556244,0.1046831151380189,1.6261810270622348,0.6849189184713333
squat_right_4.mp4,up,0.092925561156255,0.1555267697948412,0.1069533236102483,1.6736704934535915,0.6876843372451752
squat_right_4.mp4,up,0.0922834280869321,0.148230706029183,0.111162515692975,1.6062548726467758,0.74992907118104
squat_right_4.mp4,up,0.0928829687035174,0.1488935171131739,0.116813869067448,1.6030228059187284,0.7845463746998322
squat_right_4.mp4,middle,0.0938032561616143,0.1475162438173147,0.1168481048976585,1.5726132530320474,0.7921033092624302
squat_right_4.mp4,middle,0.0930970863552248,0.1501915212556273,0.118408139614124,1.6132784293866167,0.7883809859851696
squat_right_4.mp4,middle,0.094580454007301,0.1553505378712751,0.1189922406299408,1.6425226491224396,0.7659596307837626
squat_right_4.mp4,middle,0.0942686349303643,0.1565343794139028,0.121172714010741,1.660513908253088,0.77409649218553
squat_right_4.mp4,middle,0.0942209479518909,0.1539247502495952,0.1229128635754928,1.6336574147841199,0.7985256651460186
squat_right_4.mp4,middle,0.0945189228621361,0.1552508685067786,0.1232563979033918,1.6425374285446017,0.7939176063160648
squat_right_4.mp4,middle,0.0946230572191551,0.1516099074651709,0.1228041405476938,1.6022512051584783,0.8100007618295355
squat_right_4.mp4,down,0.0946613167670065,0.1553634716915128,0.1224614332799637,1.6412561857122148,0.7882253913784905
squat_right_4.mp4,down,0.095253353668573,0.1547672921294358,0.1218599433998657,1.6247962530320679,0.787375302127475
squat_right_4.mp4,down,0.0949854990773513,0.151920692669077,0.1200212026334306,1.599409321894078,0.7900253778783655
squat_right_4.mp4,down,0.0956419343407291,0.1482224300625753,0.1180750060119662,1.5497640348272923,0.7966068695683797
squat_right_4.mp4,down,0.0957998821288648,0.1520854561635368,0.1206689522270203,1.5875328109376974,0.7934286109334842
squat_right_4.mp4,down,0.0959958514398519,0.1535520693221393,0.1207316205810085,1.5995698461860135,0.7862585057562704
squat_right_4.mp4,down,0.097716552547157,0.1523476553578691,0.1206347718931047,1.5590772636432062,0.7918387165836592
squat_right_4.mp4,down,0.0962118903736222,0.1506813483947464,0.1198915953883686,1.566140607045569,0.7956631438834981
squat_right_4.mp4,down,0.0939080769286517,0.1513698440601675,0.1198742794547226,1.6118937690010773,0.7919297281370928
squat_right_4.mp4,middle,0.0923756902123154,0.1507484074935995,0.1181209370401067,1.6319056144221582,0.7835634153887955
squat_right_4.mp4,middle,0.0908254960759989,0.1546978596696449,0.118865808582478,1.7032426615121412,0.768373969984551
squat_right_4.mp4,middle,0.0909199679231183,0.1548922674280467,0.1186746617665937,1.7036111094872277,0.7661755085464325
squat_right_4.mp4,middle,0.0873786795487777,0.1551787085154573,0.1167071736412867,1.7759333205399532,0.7520823878339054
squat_right_4.mp4,up,0.0888168419655567,0.1513291931050554,0.1134912928339097,1.7038344277512265,0.7499629813999076
squat_right_4.mp4,up,0.0892996795437501,0.1481290292622827,0.1133521643479148,1.6587856755937256,0.7652258636435759
squat_right_4.mp4,up,0.0888130622191658,0.1568611292444363,0.1064496142263774,1.7661943561561575,0.6786232812368528
squat_right_4.mp4,up,0.0897252945273266,0.1596783688035869,0.0985695785600664,1.779636050734339,0.6173007608896127
squat_right_4.mp4,up,0.0900771393541249,0.1565194682320533,0.0926601999613253,1.73761588516616,0.5920043110800041
squat_right_4.mp4,up,0.0894780892008688,0.1572180257382659,0.0906661309856962,1.7570561367859359,0.5766904307565581
squat_right_4.mp4,up,0.0925581500754138,0.1581597277180297,0.0917929515168937,1.7087606827617616,0.5803813198296851
squat_right_4.mp4,up,0.0927577085845289,0.1588079441203603,0.0870556048631882,1.7120727381448915,0.5481816753273304
squat_right_4.mp4,up,0.0919173143908613,0.1573747750921338,0.0853613878373133,1.7121341733607098,0.542408322981489
squat_right_4.mp4,up,0.0909871310286839,0.1527462046222802,0.0846513328600514,1.678767127783451,0.5541959819517754
squat_right_4.mp4,up,0.0908239705008311,0.1510840959828454,0.0863845060803281,1.6634826153241435,0.571764390675088
squat_right_4.mp4,up,0.0907500280585435,0.1492562897832494,0.0843203477460991,1.6446968995641862,0.5649366460103589
squat_right_4.mp4,up,0.0910548399817109,0.1514603562016407,0.083991859295402,1.6633970937960323,0.5545468226918917
squat_right_4.mp4,up,0.0915493071161475,0.1558072631499976,0.0874929606080501,1.701894509723889,0.5615460976541224
squat_right_4.mp4,up,0.0915522913146377,0.159205641338635,0.0891896826138985,1.7389585673120191,0.560216848247164
squat_right_4.mp4,up,0.0921743214458936,0.16092182823088,0.0907913472739522,1.745842287814847,0.5641953504510947
squat_right_4.mp4,up,0.0925361193357304,0.1587644540406638,0.0900918615810382,1.7157025297835358,0.5674561231317136
squat_right_4.mp4,up,0.093116555526222,0.159138274066867,0.0892946227706955,1.7090223448187258,0.5611134297785303
squat_right_4.mp4,up,0.0931602636380732,0.1592838818921858,0.0902547474926389,1.709783502878462,0.5666282515247177
squat_right_4.mp4,up,0.0927272964121446,0.1577244181081293,0.0906278667922908,1.7009491725833596,0.5745962982736136
squat_right_4.mp4,up,0.0926867747327614,0.1566449094137729,0.0891147106051187,1.6900459624948478,0.5688963078252663
squat_right_4.mp4,up,0.0931123841671778,0.1563778757894306,0.0885674522843829,1.6794530307446895,0.5663681760432832
squat_right_4.mp4,up,0.0933034037309958,0.1569541657412789,0.0885878868991567,1.682191211306668,0.564418831961324
squat_right_4.mp4,up,0.0937812020571511,0.1574713870937537,0.0893748389848062,1.6791359423798944,0.5675624037755833
squat_right_4.mp4,up,0.0939419378701383,0.1573199950963967,0.0904356675743723,1.674651371508535,0.5748517060336704
squat_right_4.mp4,up,0.094414991571733,0.1575945724631074,0.0926063742647993,1.6691689512398347,0.5876241346222648
squat_right_4.mp4,up,0.0948358331166335,0.1598307952858005,0.0959171270859133,1.6853418168344994,0.600116685363416
squat_right_4.mp4,up,0.0948050120118576,0.1573489074351239,0.0960485566459738,1.659710853846458,0.6104176902885412
squat_right_4.mp4,up,0.0963593048932435,0.1559647740420676,0.0943380421089628,1.6185751258257934,0.6048676227589537
squat_right_4.mp4,up,0.097105167551955,0.1478793923499738,0.0926361304946995,1.5228787105573205,0.6264302890524821
squat_right_4.mp4,up,0.0968473687079412,0.1557913477089108,0.0910627531801643,1.6086275733388755,0.5845173979129509
squat_right_4.mp4,up,0.0974578558317384,0.1563327122155017,0.0922716820117858,1.6041058043120826,0.5902263237433699
squat_right_4.mp4,up,0.0949146099317624,0.1501849411897347,0.0947109074557786,1.5823163715017967,0.6306285217778692
squat_right_4.mp4,up,0.0939054234944442,0.155913232495551,0.097130934319,1.660321914258503,0.6229806974322827
squat_right_4.mp4,up,0.0944342723206508,0.1569810827548176,0.1018307001250799,1.6623316821014897,0.6486813464277422
squat_right_4.mp4,up,0.0963610735455057,0.1555549340197028,0.1092758082215855,1.6142922478571526,0.702490145428267
squat_right_4.mp4,up,0.09755756690726,0.1553866448465996,0.110902714343146,1.592768759744828,0.7137210179975962
squat_right_4.mp4,up,0.0978103312187957,0.1553793263402261,0.1119152324866464,1.5885778567976843,0.7202710625839075
squat_right_4.mp4,middle,0.0978701513507962,0.1557469905998466,0.1151823621735567,1.5913635408777729,0.7395479150508231
squat_right_4.mp4,middle,0.0996346004555763,0.1550821476488537,0.1192932929256851,1.5565089531121228,0.7692264695469405
squat_right_4.mp4,middle,0.0983264747725175,0.1582458246957466,0.1191083710160231,1.6093918251605692,0.7526793913522102
squat_right_4.mp4,middle,0.0975454386217923,0.1607268845693594,0.1208474128669792,1.6477129719262134,0.751880515762932
squat_right_4.mp4,middle,0.0969364248756026,0.1611216368464834,0.1238773288697959,1.6621371899494843,0.7688435351971141
squat_right_4.mp4,middle,0.0949070130601998,0.1643542510728489,0.1260911833484517,1.7317397921753002,0.7671914935291978
squat_right_4.mp4,down,0.0957225757742627,0.1594268732657325,0.1261761118586076,1.6655096457255825,0.7914356549431754
squat_right_4.mp4,down,0.0955723443203722,0.1558501528465984,0.1235908779296982,1.6307034629616945,0.79301095104698
squat_right_4.mp4,down,0.0965896644215351,0.1485796752664575,0.1214933359120488,1.5382564600082715,0.8176982194513953
squat_right_4.mp4,down,0.0994748773904646,0.1544100925261645,0.1224305707689374,1.552252152270216,0.7928922829198601
squat_right_4.mp4,down,0.0995963779095669,0.1541677670374211,0.1251466429513736,1.547925439391027,0.8117562143907603
squat_right_4.mp4,down,0.0977084831630761,0.1541475086247226,0.1247084509811635,1.5776266669440502,0.8090202176719606
squat_right_4.mp4,down,0.0945688365107002,0.1555739820102888,0.1235889839380412,1.6450871952166404,0.7944065089872657
squat_right_4.mp4,down,0.0924162307022756,0.155483481857856,0.1234349801616206,1.6824261352830467,0.7938784151648062
squat_right_4.mp4,middle,0.0929279377016647,0.1540732644481406,0.1215441196167541,1.657986481339729,0.7888722294039829
squat_right_4.mp4,middle,0.0936518008773342,0.1485345152656569,0.1195874238533144,1.5860294609839747,0.805115387756374
squat_right_4.mp4,middle,0.0929249415218204,0.1483033051643761,0.1186570790055787,1.5959472530800773,0.8000973334617312
squat_right_4.mp4,middle,0.0873493350672448,0.1516209607667916,0.1153983932383283,1.7357998277842424,0.7610978894654462
squat_right_4.mp4,up,0.087185728828451,0.147463873094038,0.1121271484591327,1.691376273107631,0.7603702934591241
squat_right_4.mp4,up,0.0894294813799207,0.1531392930732768,0.1092501501288279,1.7124027860868336,0.7134037772823723
squat_right_4.mp4,up,0.0900589640187345,0.1526651410745943,0.1041256776838326,1.695168745699053,0.6820527394197694
squat_right_4.mp4,up,0.0895560336018591,0.1545996595755968,0.0973309832780697,1.7262897133531319,0.6295679016710667
squat_right_4.mp4,up,0.0895437811703387,0.1581171078623956,0.094715679235445,1.7658078070392202,0.5990223355076358
