I,0.6023334264755249,0.30908459424972534,-0.06034048646688461,0.9999854564666748,0.5710471868515015,0.39095237851142883,0.11335550993680954,0.999778151512146,0.5773542523384094,0.371018648147583,-0.1923031508922577,0.9999859929084778,0.5821616053581238,0.593034565448761,0.09123720228672028,0.9999471306800842,0.5595401525497437,0.6076048612594604,-0.09134908765554428,0.9999294877052307,0.6581175327301025,0.5935587286949158,0.16664671897888184,0.9391747117042542,0.5606101751327515,0.770480751991272,-0.1341569870710373,0.998141884803772,0.6598483920097351,0.7529621720314026,0.225102499127388,0.9875003695487976,0.4649644196033478,0.7423387765884399,0.01358788926154375,0.997750997543335,0.6490663290023804,0.782646119594574,0.23121342062950134,0.9804410338401794,0.4487878978252411,0.7212386727333069,0.033662036061286926,0.9852693676948547,0.7009619474411011,0.778388500213623,0.24088692665100098,0.9833459258079529,0.46238934993743896,0.7935172915458679,0.05475635081529617,0.9928634762763977
I,0.6028593182563782,0.32550525665283203,-0.06446552276611328,0.9999837279319763,0.5809431672096252,0.40044838190078735,0.11008770763874054,0.999850869178772,0.5773652195930481,0.38881751894950867,-0.18470758199691772,0.9999886155128479,0.5929648280143738,0.6034183502197266,0.09089062362909317,0.9999564290046692,0.5714892148971558,0.6177650690078735,-0.09110388904809952,0.9999420642852783,0.6656697392463684,0.5977597832679749,0.19662854075431824,0.9397821426391602,0.5523014068603516,0.7768791317939758,-0.13825933635234833,0.996921181678772,0.6598021388053894,0.7533996105194092,0.2696564793586731,0.9911317825317383,0.45696866512298584,0.7363178133964539,-0.024865690618753433,0.9981234669685364,0.6498783826828003,0.7846904397010803,0.27676206827163696,0.9840139746665955,0.4445020854473114,0.7142075896263123,-0.008954370394349098,0.9863860011100769,0.7014103531837463,0.7789050340652466,0.28647565841674805,0.9870759844779968,0.44544878602027893,0.792506992816925,0.003756971098482609,0.9949808716773987
M,0.6052528619766235,0.3182324469089508,-0.06313340365886688,0.999983012676239,0.5807239413261414,0.3967237174510956,0.11486051976680756,0.9998477697372437,0.580774188041687,0.38626915216445923,-0.19221189618110657,0.9999887943267822,0.5939407348632812,0.6027030944824219,0.09324585646390915,0.9999576807022095,0.5714061260223389,0.6155797839164734,-0.09342837333679199,0.9999476671218872,0.665738046169281,0.5993903279304504,0.19604307413101196,0.940999448299408,0.5553556680679321,0.7776378989219666,-0.13594403862953186,0.9980146288871765,0.6584638357162476,0.7549278736114502,0.272002249956131,0.9900394082069397,0.45656585693359375,0.7328646779060364,-0.005536199081689119,0.9979127645492554,0.6478136777877808,0.7857990264892578,0.2794409990310669,0.9834685921669006,0.44288724660873413,0.7140617966651917,0.012720211409032345,0.9873569011688232,0.7011213302612305,0.7769141793251038,0.28963378071784973,0.9850946664810181,0.44522008299827576,0.7910035252571106,0.029127683490514755,0.9940246939659119
M,0.6127148866653442,0.2526044547557831,-0.043733660131692886,0.9999846816062927,0.586219072341919,0.33335602283477783,0.12917281687259674,0.9998148083686829,0.5823187232017517,0.3179425299167633,-0.16968455910682678,0.9999876022338867,0.5876168608665466,0.5387321710586548,0.08902148902416229,0.9999393820762634,0.5632655024528503,0.5433340668678284,-0.08918038010597229,0.9999221563339233,0.6567148566246033,0.5919761657714844,0.11264757812023163,0.9515563249588013,0.5366938710212708,0.6886213421821594,-0.11639034003019333,0.9989973306655884,0.6596090197563171,0.751765251159668,0.16951389610767365,0.9909761548042297,0.43840083479881287,0.7332834601402283,-0.08203208446502686,0.9982444047927856,0.6503952741622925,0.7822911143302917,0.17311586439609528,0.9850545525550842,0.41832250356674194,0.7260903120040894,-0.0775231197476387,0.9891292452812195,0.7016212940216064,0.7790504097938538,0.15023665130138397,0.9860921502113342,0.44783085584640503,0.7935113310813904,-0.1161343976855278,0.9945340156555176
D,0.5966892838478088,0.19925203919410706,0.002106472384184599,0.9999968409538269,0.5724188685417175,0.27945736050605774,0.17539390921592712,0.9999467134475708,0.5622789263725281,0.2539578676223755,-0.1253311187028885,0.9999967813491821,0.5735166668891907,0.48246198892593384,0.08562113344669342,0.9999452233314514,0.5494858622550964,0.4721021056175232,-0.08585666865110397,0.9999222755432129,0.6194403171539307,0.6104292273521423,0.045295603573322296,0.9231821894645691,0.5092996954917908,0.6050436496734619,-0.11484004557132721,0.9951729774475098,0.6561872363090515,0.7616541385650635,0.051537469029426575,0.9917721748352051,0.4323236048221588,0.7260816693305969,-0.11138081550598145,0.9983234405517578,0.651212751865387,0.7938935160636902,0.04936210438609123,0.9844726324081421,0.41582825779914856,0.7417371273040771,-0.1118704229593277,0.9810196161270142,0.7034147381782532,0.7816019654273987,0.006448016967624426,0.9896934032440186,0.4428331255912781,0.7889980673789978,-0.16346843540668488,0.9957433342933655
I,0.6948018670082092,0.39423108100891113,-0.011722970753908157,0.9999048709869385,0.6512078046798706,0.3903195858001709,0.11834525316953659,0.9994672536849976,0.6543040871620178,0.39437252283096313,-0.16923554241657257,0.999989926815033,0.6048507690429688,0.5817328095436096,0.08660552650690079,0.9992735385894775,0.5851079225540161,0.5845158100128174,-0.08664841949939728,0.9997098445892334,0.6840025782585144,0.6061083674430847,0.13428299129009247,0.9416646957397461,0.5425828695297241,0.7134100794792175,-0.12564495205879211,0.9946547746658325,0.6594629287719727,0.7553900480270386,0.20216959714889526,0.9855077862739563,0.4428848922252655,0.7277529835700989,-0.12769807875156403,0.9972791075706482,0.6465751528739929,0.7793058156967163,0.20659160614013672,0.9754566550254822,0.42199575901031494,0.7206635475158691,-0.12854483723640442,0.9743775129318237,0.6983640789985657,0.7861058115959167,0.20950669050216675,0.9827902913093567,0.4412708580493927,0.8002862334251404,-0.16489630937576294,0.9938092827796936
I,0.7210184931755066,0.4832793176174164,-0.007840304635465145,0.9997588992118835,0.6787008047103882,0.4748884439468384,0.1358989030122757,0.9984845519065857,0.6772830486297607,0.46587833762168884,-0.14223197102546692,0.9999763369560242,0.6281176805496216,0.6355037093162537,0.08626820892095566,0.9990382194519043,0.6025033593177795,0.6425237059593201,-0.08636973053216934,0.9997694492340088,0.7008793354034424,0.6216818690299988,0.0996231660246849,0.9502171277999878,0.5565730333328247,0.77039635181427,-0.15791933238506317,0.9981157183647156,0.6613357067108154,0.7558296918869019,0.13615824282169342,0.9860026836395264,0.46025726199150085,0.7291017770767212,-0.13009575009346008,0.9984530210494995,0.6468484997749329,0.775144636631012,0.13761118054389954,0.9790928363800049,0.44533994793891907,0.7091712951660156,-0.12528689205646515,0.9888558983802795,0.6959627270698547,0.7937881350517273,0.1355850100517273,0.9819847345352173,0.4446748197078705,0.7928127646446228,-0.14386992156505585,0.9961090683937073
I,0.7224711775779724,0.4842504858970642,-0.013258836232125759,0.9997780919075012,0.6785930395126343,0.4740518033504486,0.1295280009508133,0.9985736012458801,0.6789203882217407,0.47029590606689453,-0.1479385495185852,0.9999773502349854,0.6273062229156494,0.6368675827980042,0.08516120910644531,0.9990953803062439,0.602627694606781,0.6445711851119995,-0.08524738997220993,0.9997860789299011,0.7014496326446533,0.6237708926200867,0.1143614798784256,0.9547438621520996,0.5575340986251831,0.77020263671875,-0.15515486896038055,0.998393714427948,0.6607617139816284,0.755713939666748,0.1569816619157791,0.9867283701896667,0.461066335439682,0.7293503284454346,-0.11917337030172348,0.9985344409942627,0.6464694738388062,0.7740556597709656,0.15917867422103882,0.9801162481307983,0.4457859396934509,0.7099742889404297,-0.11366421729326248,0.9900301098823547,0.6960122585296631,0.7939947247505188,0.16511283814907074,0.9830494523048401,0.44600555300712585,0.7931495308876038,-0.12978558242321014,0.9963333010673523
I,0.722591757774353,0.48492249846458435,-0.018144099041819572,0.9998040795326233,0.6786527037620544,0.4744531214237213,0.12180931866168976,0.9987286329269409,0.6795485019683838,0.47227999567985535,-0.15267430245876312,0.999980092048645,0.6271085739135742,0.6371271014213562,0.08430472761392593,0.9991604685783386,0.6025612354278564,0.6450580954551697,-0.08440890908241272,0.9998040795326233,0.7016004920005798,0.6247261762619019,0.129198357462883,0.9575105309486389,0.5575245022773743,0.7703619003295898,-0.15096868574619293,0.9985591769218445,0.6602023839950562,0.7562751770019531,0.1758234202861786,0.9868312478065491,0.46109911799430847,0.7296814918518066,-0.10997495800256729,0.998604416847229,0.6463344097137451,0.7743452191352844,0.17884473502635956,0.9802892804145813,0.4459661841392517,0.7108902335166931,-0.10373158752918243,0.9908301830291748,0.695945143699646,0.7959594130516052,0.1912836730480194,0.9829795956611633,0.4461175799369812,0.7931323051452637,-0.11750531941652298,0.9964757561683655
I,0.7217971682548523,0.48529160022735596,-0.014982596971094608,0.9998344779014587,0.6780517101287842,0.47329452633857727,0.12390273064374924,0.9989217519760132,0.6802586317062378,0.4741881787776947,-0.15459731221199036,0.9999834299087524,0.6257272362709045,0.6371712684631348,0.08503832668066025,0.9992378950119019,0.6026686429977417,0.6459628939628601,-0.08514723926782608,0.9998273849487305,0.701332151889801,0.6249961256980896,0.14039309322834015,0.9575870633125305,0.5574367642402649,0.7704650163650513,-0.1534748524427414,0.9987366199493408,0.6602675318717957,0.757036030292511,0.19036804139614105,0.9864278435707092,0.46098464727401733,0.7302424907684326,-0.1207495629787445,0.9987199902534485,0.6462817788124084,0.775233805179596,0.19349510967731476,0.9796819686889648,0.44598835706710815,0.7120948433876038,-0.11541840434074402,0.9918790459632874,0.6945317983627319,0.7971092462539673,0.20660702884197235,0.9821158647537231,0.4443494379520416,0.7932230830192566,-0.1302490234375,0.9967209696769714
I,0.721494734287262,0.48593151569366455,-0.01444228831678629,0.999859631061554,0.676715612411499,0.473084419965744,0.12546424567699432,0.9990959763526917,0.6805057525634766,0.4755215048789978,-0.1543847620487213,0.9999862313270569,0.624410092830658,0.63730388879776,0.08515994250774384,0.9993035793304443,0.6026319861412048,0.6464275121688843,-0.08527128398418427,0.9998460412025452,0.7009955644607544,0.6257553100585938,0.14096084237098694,0.9571881890296936,0.5573236346244812,0.7705294489860535,-0.1531907469034195,0.9988623857498169,0.6598073244094849,0.7568315267562866,0.19133475422859192,0.9859549403190613,0.4607815146446228,0.7303377389907837,-0.12267152965068817,0.998824954032898,0.6460021734237671,0.7753203511238098,0.19458669424057007,0.9790225625038147,0.4458784759044647,0.7123599052429199,-0.11757264286279678,0.9927669763565063,0.6935373544692993,0.7968865633010864,0.20797409117221832,0.9812542796134949,0.4442695677280426,0.7938531637191772,-0.1327478289604187,0.9969494938850403
I,0.7204425930976868,0.4824015200138092,-0.013217420317232609,0.999881386756897,0.6740023493766785,0.47331687808036804,0.13009801506996155,0.9992449283599854,0.6798240542411804,0.4759663939476013,-0.15322063863277435,0.999988317489624,0.623756468296051,0.6371141672134399,0.08504359424114227,0.9993482232093811,0.6023892164230347,0.6461548209190369,-0.08517519384622574,0.99985671043396,0.7002037167549133,0.6260204315185547,0.13188457489013672,0.9569274187088013,0.5573731064796448,0.7705861926078796,-0.15224118530750275,0.9989128708839417,0.659771203994751,0.7568160891532898,0.17378324270248413,0.9855979681015015,0.4608815312385559,0.7303339838981628,-0.12039783596992493,0.9988647699356079,0.6459882259368896,0.7755393385887146,0.17646221816539764,0.9787452220916748,0.4459933340549469,0.7123429179191589,-0.11499939113855362,0.9932165741920471,0.6933125853538513,0.7967755794525146,0.19029782712459564,0.9807069897651672,0.4450121521949768,0.7940598726272583,-0.12995131313800812,0.9970189332962036
I,0.7125484347343445,0.45567816495895386,-0.010388483293354511,0.9999011158943176,0.6665809750556946,0.46439096331596375,0.13240402936935425,0.9993752837181091,0.6711326241493225,0.4646005928516388,-0.14829276502132416,0.999989926815033,0.6236827969551086,0.6301335096359253,0.08270847052335739,0.999389111995697,0.6005683541297913,0.6352787613868713,-0.08282361179590225,0.9998690485954285,0.6981931328773499,0.6258361339569092,0.12484575062990189,0.9592819809913635,0.5585247874259949,0.7704459428787231,-0.1622772067785263,0.9989627599716187,0.6595675945281982,0.7565460205078125,0.1756504327058792,0.9859932065010071,0.46207013726234436,0.7302372455596924,-0.13554617762565613,0.9988758563995361,0.646190345287323,0.7755411863327026,0.179594948887825,0.9790584444999695,0.44750097393989563,0.7116387486457825,-0.13046833872795105,0.993299126625061,0.6939343810081482,0.7960191369056702,0.19643601775169373,0.9812923669815063,0.44427192211151123,0.7934978008270264,-0.14371474087238312,0.9970477223396301
I,0.69252610206604,0.4019055962562561,-0.010990616865456104,0.999924898147583,0.6520203351974487,0.4385526478290558,0.14037445187568665,0.9995127320289612,0.6534780859947205,0.43065154552459717,-0.1513044536113739,0.9999920129776001,0.6199280023574829,0.6165218353271484,0.08283913880586624,0.9994943737983704,0.5953404307365417,0.6167503595352173,-0.08298728615045547,0.9998927116394043,0.6917219758033752,0.6170016527175903,0.12344145774841309,0.962711751461029,0.5573031902313232,0.7588016986846924,-0.1759546399116516,0.9990296959877014,0.659871518611908,0.7561976909637451,0.16956359148025513,0.9875696897506714,0.4582318365573883,0.7299540638923645,-0.17420244216918945,0.9989591240882874,0.6471201181411743,0.779166579246521,0.17356984317302704,0.9812023043632507,0.4422568082809448,0.7085813879966736,-0.17171822488307953,0.9937642216682434,0.7001848220825195,0.7887882590293884,0.18602462112903595,0.9831254482269287,0.4445849657058716,0.7941915392875671,-0.1893049031496048,0.99720299243927
M,0.6535584330558777,0.32386282086372375,-0.029109632596373558,0.9999497532844543,0.621326208114624,0.38986486196517944,0.13903014361858368,0.9996501207351685,0.6154142022132874,0.3654293119907379,-0.154779851436615,0.9999929070472717,0.6008540987968445,0.569267988204956,0.08615266531705856,0.9996322989463806,0.5758431553840637,0.5672798156738281,-0.08642454445362091,0.99990314245224,0.6727114915847778,0.6007991433143616,0.0980813205242157,0.9651299715042114,0.5356456637382507,0.7097283601760864,-0.1471434384584427,0.998599112033844,0.6604410409927368,0.7540580034255981,0.14318448305130005,0.9892908930778503,0.4380665719509125,0.731675922870636,-0.14614850282669067,0.9988218545913696,0.6484925150871277,0.7827013731002808,0.1463029533624649,0.983479917049408,0.41893574595451355,0.7215011715888977,-0.14552463591098785,0.9916706681251526,0.7003477215766907,0.7836828827857971,0.1267993301153183,0.9843692779541016,0.4430985748767853,0.7990747094154358,-0.1915702521800995,0.9964908957481384
D,0.5881728529930115,0.21874284744262695,0.008046213537454605,0.9999868273735046,0.5725796222686768,0.30853888392448425,0.17062754929065704,0.9998539686203003,0.5520411729812622,0.26745304465293884,-0.1176043301820755,0.9999948143959045,0.5712150931358337,0.4942624270915985,0.0829678475856781,0.9998629689216614,0.5402095913887024,0.48390865325927734,-0.08315558731555939,0.9999020099639893,0.6192162036895752,0.614701509475708,0.016128050163388252,0.9464027285575867,0.5023690462112427,0.6165245771408081,-0.10229388624429703,0.9952996373176575,0.6569857001304626,0.7618487477302551,0.018698889762163162,0.9911487698554993,0.42448797821998596,0.7288942933082581,-0.08801911026239395,0.9981443285942078,0.6504175662994385,0.7926844954490662,0.01609017141163349,0.9849587082862854,0.4063096344470978,0.7441115379333496,-0.08768989890813828,0.9782795310020447,0.7023829817771912,0.7781822681427002,-0.03537827730178833,0.9883100390434265,0.4386904537677765,0.7910471558570862,-0.14693117141723633,0.9948920607566833
I,0.5849746465682983,0.21903538703918457,0.004693304188549519,0.999992311000824,0.5641347765922546,0.29914677143096924,0.1684289574623108,0.9998977184295654,0.5505303740501404,0.26622071862220764,-0.12405702471733093,0.9999951720237732,0.5690892338752747,0.49320271611213684,0.0831819400191307,0.9998989105224609,0.5412935018539429,0.4851236343383789,-0.08336040377616882,0.9998846650123596,0.6182981133460999,0.6114141941070557,0.04187905043363571,0.927310585975647,0.5024263262748718,0.6192961931228638,-0.10643919557332993,0.9939731359481812,0.655544102191925,0.7584547400474548,0.0559346042573452,0.9896429181098938,0.4233078062534332,0.7303386330604553,-0.09789643436670303,0.9977825284004211,0.6502558588981628,0.788655161857605,0.054627057164907455,0.9837851524353027,0.40512004494667053,0.7451579570770264,-0.09772724658250809,0.9770598411560059,0.7019118070602417,0.7808917760848999,0.010925081558525562,0.9867092370986938,0.4396820664405823,0.7891411781311035,-0.1500464528799057,0.9941380620002747
D,0.5906322002410889,0.22086384892463684,-0.0017441610107198358,0.9999944567680359,0.5685908794403076,0.2999432384967804,0.1690310388803482,0.9999282360076904,0.5556876063346863,0.2658068537712097,-0.12485473603010178,0.9999958276748657,0.5698518753051758,0.4940429627895355,0.08386841416358948,0.9999253749847412,0.5414562225341797,0.4852023124694824,-0.08406876772642136,0.9998900890350342,0.6184024810791016,0.6112746000289917,0.0479145310819149,0.9184278845787048,0.5022628903388977,0.6204888820648193,-0.10892106592655182,0.9940295815467834,0.6546874642372131,0.756799578666687,0.05788565054535866,0.9904360175132751,0.42307859659194946,0.7323741316795349,-0.1037445068359375,0.9979713559150696,0.6492229104042053,0.7869209051132202,0.05638434365391731,0.9854785799980164,0.4049726724624634,0.7469826340675354,-0.10350064188241959,0.980030357837677,0.7002789974212646,0.7818450331687927,0.017373351380228996,0.9874767661094666,0.44038158655166626,0.7885523438453674,-0.15465912222862244,0.9947607517242432
M,0.6092526912689209,0.23542888462543488,0.022445734590291977,0.9999937415122986,0.5803334712982178,0.3135693371295929,0.18528540432453156,0.999923050403595,0.5656248331069946,0.27456003427505493,-0.10817769169807434,0.9999955892562866,0.5687348246574402,0.4979953467845917,0.08385317027568817,0.999921977519989,0.540717363357544,0.4855329692363739,-0.08403792232275009,0.9998805522918701,0.617847740650177,0.6140666604042053,0.010823245160281658,0.9125514030456543,0.5021986961364746,0.6198216080665588,-0.12346775829792023,0.9932382702827454,0.6574993133544922,0.7596932053565979,-0.002911108545958996,0.9897714853286743,0.4226646423339844,0.7308408617973328,-0.13701288402080536,0.9975142478942871,0.6508484482765198,0.7902424335479736,-0.006994938477873802,0.9845902919769287,0.40390539169311523,0.7475633025169373,-0.13919483125209808,0.9767998456954956,0.7036134004592896,0.7761856317520142,-0.05440031737089157,0.9873359203338623,0.4412887692451477,0.7892201542854309,-0.19986170530319214,0.9941800832748413
I,0.6733014583587646,0.2563806176185608,-0.007350041531026363,0.9999932050704956,0.6382032632827759,0.3182694613933563,0.1432739943265915,0.9998012781143188,0.640232503414154,0.29156482219696045,-0.1352362185716629,0.9999935030937195,0.599254310131073,0.487099826335907,0.07616022229194641,0.9997889399528503,0.5842297673225403,0.47683337330818176,-0.07628575712442398,0.9998539686203003,0.6489687561988831,0.5977082848548889,0.03812708333134651,0.917500913143158,0.5391107797622681,0.6043909788131714,-0.11701725423336029,0.9920035004615784,0.6561905741691589,0.7522385120391846,0.05558158457279205,0.9782389402389526,0.46157723665237427,0.7187308669090271,-0.13213732838630676,0.9955089688301086,0.6472674012184143,0.7852622270584106,0.054975636303424835,0.971837043762207,0.4444485902786255,0.7271140813827515,-0.13601380586624146,0.962730348110199,0.6996439695358276,0.7796230912208557,0.0114786671474576,0.980111300945282,0.4584580957889557,0.795599102973938,-0.2039736807346344,0.9890393018722534
I,0.674870491027832,0.17099152505397797,0.013443022035062313,0.9999133348464966,0.6412240862846375,0.23346289992332458,0.16180263459682465,0.9996500015258789,0.6481231451034546,0.22186647355556488,-0.12004820257425308,0.9999800324440002,0.6458558440208435,0.43709293007850647,0.09253469109535217,0.9987261295318604,0.6560084223747253,0.43391239643096924,-0.09256575256586075,0.9986175298690796,0.6561801433563232,0.591853678226471,0.08118883520364761,0.3666956126689911,0.6618780493736267,0.5920571684837341,-0.07918640226125717,0.951018750667572,0.6513295769691467,0.7474945187568665,0.08911312371492386,0.6310041546821594,0.6572258472442627,0.7588552832603455,-0.06691421568393707,0.9645687341690063,0.6445848345756531,0.7751198410987854,0.08560322970151901,0.7095956802368164,0.6496991515159607,0.7870441675186157,-0.06819608062505722,0.9331309795379639,0.6920813322067261,0.7698008418083191,0.04407515376806259,0.7895247936248779,0.6991123557090759,0.7815524339675903,-0.12323595583438873,0.9592307209968567
M,0.6747989058494568,0.1787281334400177,0.027798771858215332,0.9998233318328857,0.6403247714042664,0.24214212596416473,0.1642228662967682,0.9994086027145386,0.641328752040863,0.22977666556835175,-0.10198874771595001,0.9999635815620422,0.6312173008918762,0.4394802153110504,0.08266933262348175,0.9981854557991028,0.6334876418113708,0.43381649255752563,-0.08269855380058289,0.9979094862937927,0.6409801840782166,0.5912046432495117,0.048619117587804794,0.2718668282032013,0.6463301777839661,0.5901060700416565,-0.08766277879476547,0.9023653268814087,0.6078824996948242,0.730436384677887,0.04537903890013695,0.555507481098175,0.6147947311401367,0.7454954385757446,-0.09106726944446564,0.923655092716217,0.5946215391159058,0.7520058155059814,0.041487276554107666,0.6399535536766052,0.600932240486145,0.7661818861961365,-0.09318629652261734,0.8889225125312805,0.6308603286743164,0.7753158211708069,-0.000661746074911207,0.744367241859436,0.6341699957847595,0.7877994179725647,-0.13808012008666992,0.9308611154556274
I,0.6112139821052551,0.27355673909187317,-0.025256259366869926,0.9999790191650391,0.5932363271713257,0.35385388135910034,0.14197200536727905,0.9997485876083374,0.582011878490448,0.3418129086494446,-0.15942461788654327,0.9999853372573853,0.5945336818695068,0.5553953051567078,0.0861300602555275,0.999854326248169,0.5708362460136414,0.5611064434051514,-0.08630214631557465,0.999788761138916,0.666576087474823,0.5917397141456604,0.06390397250652313,0.9125121831893921,0.5756798982620239,0.7137439846992493,-0.12073113024234772,0.9918031692504883,0.6613909006118774,0.7511452436447144,0.09109164774417877,0.9734582304954529,0.4805217385292053,0.7331446409225464,-0.037021711468696594,0.9947203397750854,0.6512302756309509,0.7845840454101562,0.09256390482187271,0.9646574854850769,0.45953309535980225,0.7247689366340637,-0.023574460297822952,0.9664943218231201,0.7049160599708557,0.7808496356010437,0.07529257982969284,0.9795161485671997,0.4849240183830261,0.804118812084198,-0.03837231546640396,0.9913445711135864
I,0.6072851419448853,0.3157191872596741,-0.05208299309015274,0.9999861121177673,0.5847092270851135,0.39894992113113403,0.11057757586240768,0.9998010993003845,0.5766646265983582,0.386429101228714,-0.17380279302597046,0.9999880790710449,0.5898298025131226,0.5971848964691162,0.08396647870540619,0.999936580657959,0.5655533671379089,0.6094624400138855,-0.08403217792510986,0.9999005794525146,0.6622908115386963,0.5921525955200195,0.12167137116193771,0.9484111070632935,0.5880374908447266,0.7697941660881042,-0.09444817155599594,0.9976869821548462,0.6580880284309387,0.7523854374885559,0.1508612334728241,0.9806355237960815,0.5035272836685181,0.7477194666862488,0.07537569105625153,0.9944041967391968,0.6494771242141724,0.777997612953186,0.1539117842912674,0.9734579920768738,0.4860771596431732,0.7186945676803589,0.0952189490199089,0.9750151634216309,0.6975454688072205,0.7764524817466736,0.155282124876976,0.9805429577827454,0.49557316303253174,0.7892584204673767,0.11828671395778656,0.9871976375579834
M,0.606835126876831,0.31448790431022644,-0.05148817598819733,0.9999865889549255,0.5858808159828186,0.39833933115005493,0.1116417795419693,0.999803364276886,0.5766997933387756,0.3866141140460968,-0.17281608283519745,0.9999881982803345,0.5898418426513672,0.5974456667900085,0.08380068093538284,0.9999425411224365,0.5655986666679382,0.609253466129303,-0.08387171477079391,0.9999110102653503,0.6620075106620789,0.5920791029930115,0.12613695859909058,0.9493476152420044,0.5872272253036499,0.7688633799552917,-0.0937310978770256,0.9980892539024353,0.6577205061912537,0.7528426647186279,0.15893787145614624,0.9806649684906006,0.5023970007896423,0.7465487122535706,0.07159839570522308,0.9944541454315186,0.6494517922401428,0.7783085703849792,0.16231685876846313,0.9732790589332581,0.48399659991264343,0.7184816598892212,0.09259258955717087,0.9755140542984009,0.6978904604911804,0.7768843770027161,0.16539713740348816,0.9801694750785828,0.4947911202907562,0.7891243696212769,0.11602447181940079,0.9870896935462952
I,0.625378429889679,0.21777330338954926,-0.007505638990551233,0.9999766945838928,0.6008404493331909,0.28694480657577515,0.14532186090946198,0.999709963798523,0.5986052751541138,0.2774617373943329,-0.14432409405708313,0.9999858140945435,0.6008742451667786,0.4958466589450836,0.08457653969526291,0.9999185800552368,0.5726478099822998,0.49528366327285767,-0.08473052829504013,0.9998809695243835,0.6515480279922485,0.5930852293968201,0.050718702375888824,0.9484131932258606,0.5570278763771057,0.6450304388999939,-0.08868267387151718,0.9979513883590698,0.6594934463500977,0.7546542882919312,0.06767761707305908,0.9869274497032166,0.4705672264099121,0.7324864268302917,-0.06023197993636131,0.9967658519744873,0.6495438814163208,0.7859874963760376,0.0668373629450798,0.977533221244812,0.44885680079460144,0.7388272881507874,-0.05828952416777611,0.9766154885292053,0.7017067074775696,0.7830730080604553,0.03612349554896355,0.9836985468864441,0.4828013777732849,0.8002793788909912,-0.10716301947832108,0.9920863509178162
M,0.6218424439430237,0.19053879380226135,0.00930146686732769,0.9999826550483704,0.5964981913566589,0.2557937204837799,0.16513866186141968,0.9997890591621399,0.5951470136642456,0.24347078800201416,-0.12922006845474243,0.9999893307685852,0.5941669940948486,0.4654124677181244,0.08640825003385544,0.9999053478240967,0.5713106989860535,0.45917725563049316,-0.0865468755364418,0.9998553395271301,0.6281309723854065,0.6030425429344177,0.03899375721812248,0.9281342625617981,0.5382280349731445,0.6005108952522278,-0.08561909198760986,0.9941408634185791,0.6561391353607178,0.7567284107208252,0.038488566875457764,0.9853718280792236,0.46990105509757996,0.732387363910675,-0.052651531994342804,0.9966363310813904,0.6481926441192627,0.7886268496513367,0.03507951274514198,0.9737781882286072,0.45227640867233276,0.7447465062141418,-0.05159587413072586,0.9700398445129395,0.7024393677711487,0.7794921398162842,-0.008025587536394596,0.9833647012710571,0.48656192421913147,0.8001636862754822,-0.10956288129091263,0.9918863773345947
D,0.6648206114768982,0.17509222030639648,0.014208567328751087,0.999888002872467,0.6365401744842529,0.24106357991695404,0.16144976019859314,0.9996441006660461,0.643061637878418,0.22437232732772827,-0.11688999086618423,0.9999759197235107,0.6407025456428528,0.4376695454120636,0.0866767168045044,0.999082088470459,0.6448494791984558,0.4323803186416626,-0.08678087592124939,0.9988802671432495,0.6542026400566101,0.5894179344177246,0.06740912795066833,0.31999561190605164,0.6568657159805298,0.5869021415710449,-0.07458923012018204,0.9128435850143433,0.6494606137275696,0.7419286966323853,0.06542375683784485,0.5742743611335754,0.6531832814216614,0.7516034245491028,-0.06730958074331284,0.9479803442955017,0.6412334442138672,0.7691423892974854,0.061720117926597595,0.6635472774505615,0.6430950164794922,0.7783723473548889,-0.06884046643972397,0.921484649181366,0.687648355960846,0.7652228474617004,0.019805926829576492,0.7636914253234863,0.6948392987251282,0.7773458957672119,-0.1207866370677948,0.9481898546218872
I,0.5870587229728699,0.2507832646369934,-0.030724680051207542,0.9999669790267944,0.5655145049095154,0.3456290662288666,0.1450650840997696,0.9998645186424255,0.538145124912262,0.2974320948123932,-0.1326310932636261,0.9999897480010986,0.5411120057106018,0.5173868536949158,0.07584085315465927,0.9996721744537354,0.5067988038063049,0.5050708651542664,-0.0758434385061264,0.9996675252914429,0.592141330242157,0.6361281871795654,0.04389360174536705,0.8066661953926086,0.46662279963493347,0.6429845094680786,-0.09127769619226456,0.9726718664169312,0.6480544805526733,0.7565677165985107,0.07033874094486237,0.8984231948852539,0.38550621271133423,0.7375868558883667,-0.028312521055340767,0.9825877547264099,0.6477806568145752,0.7854266166687012,0.06959683448076248,0.9057877063751221,0.36688482761383057,0.7399640679359436,-0.02414531633257866,0.9296383261680603,0.6927335262298584,0.7682416439056396,0.011482257395982742,0.9378207325935364,0.3820924460887909,0.7943486571311951,-0.10727980732917786,0.9791462421417236
I,0.691551923751831,0.2369205206632614,-0.0404932014644146,0.9999890327453613,0.656879186630249,0.3095596432685852,0.11947450041770935,0.9998146891593933,0.6562983393669128,0.2868688106536865,-0.16034536063671112,0.999995231628418,0.6058756709098816,0.4859914779663086,0.0807420089840889,0.9998219609260559,0.5851343274116516,0.47664517164230347,-0.08083107322454453,0.9999229907989502,0.6524016261100769,0.5944027304649353,0.0489497110247612,0.9388093948364258,0.5565978288650513,0.6149057745933533,-0.09421134740114212,0.9965065717697144,0.6532008647918701,0.7476221919059753,0.08596932888031006,0.977813720703125,0.48017799854278564,0.7142695784568787,-0.06112993508577347,0.9969378709793091,0.6410189867019653,0.7773358225822449,0.08619263023138046,0.9704371690750122,0.46477213501930237,0.7173582315444946,-0.06095663830637932,0.9759278297424316,0.6936385035514832,0.7796955704689026,0.052351441234350204,0.9797218441963196,0.4725590944290161,0.7913318276405334,-0.1356799304485321,0.991280198097229
M,0.6832252144813538,0.16459891200065613,0.010766329243779182,0.9999510645866394,0.6529238820075989,0.23771235346794128,0.15942396223545074,0.9996671676635742,0.6588112115859985,0.2167411595582962,-0.1223473846912384,0.9999855160713196,0.6353565454483032,0.4361496567726135,0.09500602632761002,0.9996604919433594,0.6453863978385925,0.4316060245037079,-0.09510833770036697,0.999744176864624,0.6516964435577393,0.5868288278579712,0.09563056379556656,0.6161605715751648,0.6613107919692993,0.5904526114463806,-0.07783617079257965,0.9868815541267395,0.6390292644500732,0.7460455894470215,0.11327362060546875,0.8104557394981384,0.6499091982841492,0.7618127465248108,-0.06687084585428238,0.9910173416137695,0.6314821243286133,0.7703912258148193,0.11188624799251556,0.8349043130874634,0.6406809687614441,0.7917671203613281,-0.0684383437037468,0.9671727418899536,0.6746972799301147,0.7728433609008789,0.07895643264055252,0.8912742137908936,0.6931473612785339,0.7844162583351135,-0.1193573847413063,0.985320508480072
I,0.6989163160324097,0.15262176096439362,-0.15417176485061646,0.9990997314453125,0.6813681721687317,0.22441703081130981,0.08477569371461868,0.9984893202781677,0.6571476459503174,0.20959116518497467,-0.18897859752178192,0.9999377727508545,0.6712345480918884,0.43293634057044983,0.07945778220891953,0.9970275163650513,0.6523964405059814,0.4260511100292206,-0.07935189455747604,0.9968621134757996,0.6848716139793396,0.5696418881416321,0.01884358935058117,0.3279874920845032,0.664933443069458,0.5755424499511719,-0.12299053370952606,0.8891370892524719,0.6595818996429443,0.7284829020500183,0.09140479564666748,0.5170938968658447,0.6487181186676025,0.7379869818687439,-0.06080682575702667,0.9142731428146362,0.6503593325614929,0.7536157965660095,0.09120085090398788,0.627509593963623,0.63528972864151,0.7615411281585693,-0.06217597424983978,0.8708961009979248,0.6902293562889099,0.7674378752708435,0.021139079704880714,0.7146483659744263,0.6804012656211853,0.7737846374511719,-0.16437512636184692,0.9221771359443665
